InvoiceId,OrderDate,CustomerName,ShipPostalCode,ShipCity,ShipState,ShipCountry,ShipMode,BalanceDue,SubTotal,DiscountPercent,DiscountAmount,ShippingAmount,InvoiceTotal,OrderId,ProductName,SubCategory,Category,ProductId,Quantity,UnitPrice,ItemSubTotal
20212,2025-10-05,Elina Virtanen,65706,Munich,Bavaria,Germany,Same Day,1852.17,1935.41,0.05,96.77,13.53,1852.17,GE-2013-EL5152562-47546,"Wireless Mouse, Ergonomic",Accessories,Technology,TEC-AC-6277,2.0,63.7802,127.56
20012,2023-03-08,Bruce Degenhardt,75613,San Francisco,California,United States,Second Class,9564.55,11905.51,0.2,2381.1,40.14,9564.55,UN-2016-BR2785277-44889,"USB-C Charger 65W, GaN",Accessories,Technology,TEC-AC-7434,5.0,22.8194,114.1
20113,2025-09-25,Aisha Khan,28072,Helsinki,Uusimaa,Finland,Same Day,1178.64,1226.44,0.075,91.98,44.18,1178.64,FI-2015-AI8151684-41768,"Wireless Headset, Noise Cancelling",Accessories,Technology,TEC-AC-5402,4.0,118.7862,475.14
20194,2024-04-18,Elina Virtanen,45537,Hanoi,Hanoi,Vietnam,Standard Class,2605.68,2587.34,0.0,0.0,18.34,2605.68,VI-2013-EL2832517-49614,"Ergonomic Task Chair, Mesh Back",Chairs,Furniture,FUR-CH-2525,4.0,224.0595,896.24
20236,2014/02/30,Aaron Bergman,9942,Valencia,Valencian Community,Spain,Standard Class,3339.98,3478.48,0.05,173.92,35.42,3339.98,SP-2015-AA9230960-43737,"Bookshelf, Industrial Metal/Wood",Bookcases,Furniture,FUR-BO-7046,5.0,460.8478,2304.24
20134,2024-11-11,Bruce Degenhardt,87518,Ho Chi Minh City,Ho Chi Minh,Vietnam,First Class,404.17,393.44,0.05,19.67,30.4,404.17,VI-2014-BR9511700-41215,"A4 Lever-Arch Binder, 5cm Spine (Blue)",Binders,Office Supplies,OFF-BI-1040,1.0,9.3093,9.31
20171,2024-03-08,Sofia Müller,36353,Madrid,Madrid,Spain,First Class,2853.19,2988.56,0.05,149.43,14.06,2853.19,SP-2012-SO9692311-42507,"Steel File Cabinet, 3-Drawer",Storage,Office Supplies,OFF-ST-6869,1.0,350.5305,350.53
20000,2024-09-15,Nguyen Minh Anh,39371,Berlin,Berlin,Germany,Second Class,3184.58,3435.49,0.075,257.66,6.75,3184.58,GE-2012-NG2458591-49674,"Premium Sketch Paper Pad, A4 120gsm",Art,Office Supplies,OFF-AR-4568,4.0,21.1466,84.59
20033,2023-12-30,Corey Catlett,36804,Tampere,Pirkanmaa,Finland,First Class,8259.55,8676.84,0.05,433.84,16.55,8259.55,FI-2014-CO7117837-40653,"Archive Storage Box, Letter Size",Storage,Office Supplies,OFF-ST-5399,3.0,18.7385,56.22
20043,2024-02-12,Daniel Romero,47196,Da Nang,Da Nang,Vietnam,Standard Class,812.47,763.11,0.0,0.0,49.36,812.47,VI-2012-DA4940441-45085,"A4 Lever-Arch Binder, 5cm Spine (Blue)",Binders,Office Supplies,OFF-BI-9967,10.0,3.3059,33.06
20217,2025-04-20,Elina Virtanen,28889,Valencia,Valencian Community,Spain,Same Day,1770.46,1771.33,0.075,132.85,15.11,1770.46,SP-2015-EL3503456-44913,"Laptop Docking Station, USB-C",Accessories,Technology,TEC-AC-8951,3.0,242.0063,726.02
20020,2023-07-04,Corey Catlett,54588,Berlin,Berlin,Germany,First Class,631.67,668.89,0.1,66.89,29.67,631.67,GE-2013-CO4214348-43116,"Smartphone, 128GB (Midnight)",Phones,Technology,TEC-PH-1793,1.0,359.7448,359.74
20219,2023-12-01,Corey Catlett,51931,Tampere,Pirkanmaa,Finland,Standard Class,3173.0,3374.5,0.075,253.09,51.59,3173.0,FI-2013-CO6540893-41295,"Smartphone, 256GB (Silver)",Phones,Technology,TEC-PH-8529,1.0,543.1779,543.18
20159,2025-01-24,Sofia Müller,75038,Ho Chi Minh City,Ho Chi Minh,Vietnam,Same Day,1384.44,1718.62,0.2,343.72,9.54,1384.44,VI-2014-SO9712003-44369,"Laptop Docking Station, USB-C",Accessories,Technology,TEC-AC-3588,5.0,167.6081,838.04
20069,2025-11-06,David Philippe,30329,Barcelona,Catalonia,Spain,Second Class,2010.5,1960.28,,,50.22,2010.5,SP-2012-DA5235884-47827,Gel Pen Set (12 colors),Art,Office Supplies,OFF-AR-4314,1.0,16.3501,16.35
20127,2025-07-30,Sofia Müller,26932,Da Nang,Da Nang,Vietnam,Same Day,891.23,933.78,0.1,93.38,50.83,891.23,VI-2016-SO4860617-48196,"Storage Ottoman, Fabric",Furnishings,Furniture,FUR-FU-3604,2.0,53.0676,106.14
20009,2024-08-21,Mikko Laine,76255,Tampere,Pirkanmaa,Finland,Same Day,80.12,53.31,0.1,5.33,32.14,80.12,FI-2014-MI4679591-42266,"Binder Clips, Medium (Box of 100)",Fasteners,Office Supplies,OFF-FA-5102,1.0,3.6029,3.6
20032,2025-07-24,Elina Virtanen,21367,Tampere,Pirkanmaa,Finland,First Class,1757.93,1707.03,,,50.9,1757.93,FI-2012-EL3500715-48938,Monitor 27in IPS,Accessories,Technology,TEC-AC-3711,1.0,250.9756,250.98
20124,2025-08-25,Corey Catlett,73771,Munich,Bavaria,Germany,Same Day,2263.66,2788.1,0.2,557.62,33.18,2263.66,GE-2015-CO5582979-43531,"Storage Ottoman, Fabric",Furnishings,Furniture,FUR-FU-4836,4.0,131.7679,527.07
20248,2024-01-11,Corey Catlett,32707,Valencia,Valencian Community,Spain,First Class,827.12,857.0,0.075,64.27,34.39,827.12,SP-2015-CO9040224-49539,"Wireless Mouse, Ergonomic",Accessories,Technology,TEC-AC-2559,1.0,26.5126,26.51
20131,2025-01-25,Nguyen Minh Anh,53655,Ho Chi Minh City,Ho Chi Minh,Vietnam,Second Class,3494.04,3845.54,0.1,384.55,33.05,3494.04,VI-2012-NG9564488-41868,"Ergonomic Task Chair, Mesh Back",Chairs,Furniture,FUR-CH-3174,10.0,148.8096,1488.1
20031,2025-07-16,Bruce Degenhardt,15893,Berlin,Berlin,Germany,First Class,2103.23,2057.46,0.0,0.0,45.77,2103.23,GE-2014-BR3194789-44291,"USB-C Charger 65W, GaN",Accessories,Technology,TEC-AC-8291,1.0,15.4434,15.44
20225,2024-07-17,David Philippe,82174,San Francisco,California,United States,Standard Class,2347.07,2521.97,0.075,189.15,14.25,2347.07,UN-2014-DA9197701-48037,"A4 Lever-Arch Binder, 5cm Spine (Blue)",Binders,Office Supplies,OFF-BI-2975,0.0,8.9403,35.76
20188,2025-04-18,Sofia Müller,51845,Tampere,Pirkanmaa,Finland,First Class,3972.31,3943.05,,,-12.34,3972.31,FI-2016-SO2843740-43125,"Archive Storage Box, Letter Size",Storage,Office Supplies,OFF-ST-2160,2.0,10.2783,20.56
20119,2023-06-15,Bruce Degenhardt,88696,Da Nang,Da Nang,Vietnam,Standard Class,2026.86,2233.51,0.1,223.35,16.7,2026.86,VI-2014-BR2738129-49468,"Mechanical Keyboard, TKL",Accessories,Technology,TEC-AC-2678,1.0,87.3024,87.3
20092,2024-02-05,Bruce Degenhardt,13909,Hamburg,Hamburg,Germany,First Class,3923.48,4103.01,0.05,205.15,25.62,3923.48,GE-2014-BR1941524-44806,Monitor 27in IPS,Accessories,Technology,TEC-AC-5902,1.0,247.1619,247.16
20140,2025-02-15,Bruce Degenhardt,96105,Cologne,North Rhine-Westphalia,Germany,Same Day,4284.98,4732.51,0.1,473.25,25.72,4284.98,GE-2013-BR2421349-45072,"Laptop 14in, 16GB RAM",Computers,Technology,TEC-CO-3181,1.0,714.991,714.99
20139,2025-01-05,Daniel Romero,44567,Madrid,Madrid,Spain,Same Day,2496.6,3104.16,0.2,620.83,13.27,2496.6,SP-2014-DA5227787-49874,"Copy Paper, A4 (500 sheets)",Paper,Office Supplies,OFF-PA-1138,10.0,10.8002,108.0
20149,2023-08-16,Aaron Bergman,39431,San Francisco,California,United States,First Class,1223.53,1513.12,0.2,302.62,13.03,1223.53,UN-2014-AA2662338-45493,"Steel File Cabinet, 3-Drawer",Storage,Office Supplies,OFF-ST-6753,2.0,293.5472,587.09
20222,2024-04-23,Corey Catlett,41369,Hanoi,Hanoi,Vietnam,Standard Class,3322.67,3596.6,0.1,359.66,40.68,3322.67,VI-2014-CO7386444-47639,"Standing Desk Converter, 32in",Tables,Furniture,FUR-TA-7745,10.0,313.4325,3134.33
20237,2024-03-16,Mikko Laine,59816,Ho Chi Minh City,Ho Chi Minh,Vietnam,First Class,675.79,784.41,0.15,117.66,9.04,675.79,VI-2016-MI5955645-44037,"Laptop Docking Station, USB-C",Accessories,Technology,TEC-AC-4559,1.0,242.4208,242.42
20008,2024-12-05,Nguyen Minh Anh,85535,Tampere,Pirkanmaa,Finland,Same Day,8056.37,8037.81,0.0,0.0,18.56,8056.37,FI-2015-NG3396987-44339,"Standing Desk Converter, 32in",Tables,Furniture,FUR-TA-3017,10.0,328.2031,3282.03
20077,2024-07-26,Aisha Khan,13986,Valencia,Valencian Community,Spain,Second Class,430.74,470.59,0.1,47.06,7.21,430.74,SP-2016-AI1348050-44415,"Binder Clips, Medium (Box of 100)",Fasteners,Office Supplies,OFF-FA-8035,3.0,6.5375,19.61
20108,2023-09-05,Nguyen Minh Anh,94224,Hamburg,Hamburg,,First Class,2372.6,2324.32,0.0,0.0,48.28,2372.6,GE-2012-NG6595355-43990,"Dining Chair Set (2-Pack), Grey",Chairs,Furniture,FUR-CH-5537,1.0,109.6334,109.63
20097,2024-10-27,Bruce Degenhardt,9438,Valencia,Valencian Community,Spain,Same Day,3402.15,4199.29,0.2,839.86,42.72,3402.15,SP-2014-BR1135861-49272,"Sticky Notes, 76x76mm (Pack of 12)",Paper,Office Supplies,OFF-PA-5668,1.0,17.5663,17.57
20061,2025-11-16,David Philippe,36546,Valencia,Valencian Community,Spain,Standard Class,2963.05,3062.69,0.05,153.13,53.49,2963.05,SP-2014-DA5118725-41419,"USB-C Charger 65W, GaN",Accessories,Technology,TEC-AC-5942,2.0,43.4762,86.95
20146,2025-12-25,Elina Virtanen,35438,Barcelona,Catalonia,Spain,Second Class,2940.06,2899.8,,,40.26,2940.06,SP-2013-EL3321942-44096,"Desk Organizer Tray, Bamboo",Storage,Office Supplies,OFF-ST-4090,4.0,17.4573,69.83
20162,2023-06-27,Daniel Romero,51987,Valencia,Valencian Community,Spain,Same Day,2409.09,2396.24,,,12.85,2409.09,SP-2014-DA9608154-42621,"Oak Bookcase, 5-Shelf",Bookcases,Furniture,FUR-BO-4921,5.0,349.7897,1748.95
20180,2023-04-18,Daniel Romero,33772,Barcelona,Catalonia,Spain,Same Day,3038.53,3190.37,0.05,159.52,7.68,3038.53,SP-2013-DA4609524-49557,"Dining Chair Set (2-Pack), Grey",Chairs,Furniture,FUR-CH-9185,10.0,74.2024,742.02
20185,2023-12-13,Aaron Bergman,61850,Tampere,Pirkanmaa,Finland,Second Class,1410.34,1449.94,0.05,72.5,32.9,1410.34,FI-2015-AA6020319-49727,Monitor 27in IPS,Accessories,Technology,TEC-AC-1197,3.0,401.4988,1204.5
20104,2025-10-07,Bruce Degenhardt,95098,Seattle,Washington,United States,Same Day,6338.71,6316.97,,,21.74,6338.71,UN-2012-BR3345069-40742,"Standing Desk Converter, 32in",Tables,Furniture,FUR-TA-7337,10.0,223.0936,2230.94
20158,2025-03-02,Aisha Khan,95949,Austin,Texas,United States,Standard Class,1078.18,1070.52,0.075,80.29,53.92,1078.18,UN-2014-AI3088344-46029,"Stapler, Heavy Duty",Fasteners,Office Supplies,TEC-AC-12A4,5.0,43.2237,216.12
20051,2023-04-11,Mikko Laine,69957,Tampere,Pirkanmaa,Finland,Same Day,5044.57,6272.65,0.2,1254.53,26.45,5044.57,FI-2012-MI6901533-44892,"Smartphone, 128GB (Midnight)",Phones,Technology,TEC-PH-2195,1.0,652.4181,652.42
20111,2023-04-03,Sofia Müller,54882,Helsinki,Uusimaa,Finland,First Class,834.11,788.1,,,46.01,834.11,FI-2013-SO8062546-48619,"Modular Bookcase, Walnut (6-Cube)",Bookcases,Furniture,FUR-BO-5295,2.0,137.1256,274.25
20019,2024-03-25,Daniel Romero,22704,Ho Chi Minh City,Ho Chi Minh,Vietnam,Same Day,2825.78,2998.13,0.075,224.86,52.51,2825.78,VI-2014-DA8106470-46735,"Oak Bookcase, 5-Shelf",Bookcases,Furniture,FUR-BO-7520,6.0,306.0546,1836.33
20126,2023-03-17,Nguyen Minh Anh,59607,Turku,Southwest Finland,Finland,Second Class,6015.22,6319.6,0.05,315.98,11.6,6015.22,FI-2013-NG5286905-44742,"Wireless Mouse, Ergonomic",Accessories,Technology,TEC-AC-9209,4.0,40.8031,163.21
20041,2025-07-10,Corey Catlett,98778,New York,New York,United States,Second Class,5160.81,5677.73,0.1,567.77,50.85,5160.81,UN-2016-CO6049101-46653,"Premium Sketch Paper Pad, A4 120gsm",Art,Office Supplies,OFF-AR-2350,6.0,14.8284,88.97
20094,2024-07-07,David Philippe,96535,Tampere,Pirkanmaa,Finland,Second Class,1997.25,2138.6,0.075,160.39,19.04,1997.25,FI-2013-DA8736811-44161,"Standing Desk Converter, 32in",Tables,Furniture,FUR-TA-5546,1.0,185.3683,185.37
20182,2023-06-02,Corey Catlett,16705,Ho Chi Minh City,Ho Chi Minh,Vietnam,Second Class,1054.7,1104.83,0.075,82.86,32.73,1054.7,VI-2014-CO5841933-41204,"Desk Organizer Tray, Bamboo",Storage,Office Supplies,OFF-ST-4329,1.0,25.1645,25.16
20013,2024-01-09,Aaron Bergman,41274,Turku,Southwest Finland,Finland,First Class,492.03,480.88,,,11.15,492.03,FI-2016-AA6438436-48005,"Premium Sketch Paper Pad, A4 120gsm",Art,Office Supplies,OFF-AR-2083,2.0,18.3709,36.74
20096,2024-07-26,David Philippe,49599,Da Nang,Da Nang,Vietnam,Second Class,2670.87,2644.89,0.0,0.0,25.98,2670.87,VI-2015-DA9106886-41747,"Mechanical Keyboard, TKL",Accessories,Technology,TEC-AC-4909,1.0,78.0048,78.0
20070,2023-07-31,Mikko Laine,17026,Ho Chi Minh City,Ho Chi Minh,Vietnam,Second Class,4116.43,4104.92,0.0,0.0,11.51,4116.43,VI-2013-MI6097514-41395,"Tablet 10in, 64GB",Accessories,Technology,TEC-AC-8118,1.0,347.7476,347.75
20046,2023-06-12,Elina Virtanen,52762,Helsinki,Uusimaa,Finland,First Class,300.9,313.75,0.15,47.06,34.21,300.9,FI-2015-EL3237058-47612,"Sticky Notes, 76x76mm (Pack of 12)",Paper,Office Supplies,OFF-PA-1901,2.0,14.6573,29.31
20055,2025-07-12,Bruce Degenhardt,20735,Ho Chi Minh City,Ho Chi Minh,Vietnam,Same Day,1494.95,1454.19,0.0,0.0,40.76,1494.95,VI-2012-BR1873851-45733,"USB-C Charger 65W, GaN",Accessories,Technology,TEC-AC-3877,1.0,15.6966,15.7
20238,2025-04-18,Sofia Müller,33535,Madrid,Madrid,Spain,Standard Class,752.65,695.79,,,56.86,752.65,SP-2014-SO2787627-41499,"Standing Desk Converter, 32in",Tables,Furniture,FUR-TA-1185,1.0,248.7804,248.78
20048,2024-07-20,Bruce Degenhardt,78327,Ho Chi Minh City,Ho Chi Minh,Vietnam,Same Day,626.71,582.47,,,44.24,626.71,VI-2013-BR5606980-47206,"Binder Clips, Medium (Box of 100)",Fasteners,Office Supplies,OFF-FA-9568,6.0,6.4809,38.89
20170,2025-06-17,Mikko Laine,29766,Helsinki,Uusimaa,Finland,Second Class,5147.23,5518.72,0.075,413.9,42.41,5147.23,FI-2014-MI2244282-47372,"Mechanical Keyboard, TKL",Accessories,Technology,TEC-AC-5247,1.0,95.2024,95.2
20060,2023-10-04,Corey Catlett,57472,Ho Chi Minh City,Ho Chi Minh,Vietnam,Same Day,4610.79,5384.81,0.15,807.72,33.7,4610.79,VI-2013-CO8306261-42885,"Mechanical Keyboard, TKL",Accessories,Technology,TEC-AC-5403,1.0,149.1431,149.14
20098,2024-10-08,Nguyen Minh Anh,89684,Hamburg,Hamburg,Germany,Standard Class,1320.18,1498.38,0.15,224.76,46.56,1320.18,GE-2013-NG4189885-44106,"Modular Bookcase, Walnut (6-Cube)",Bookcases,Furniture,FUR-BO-6488,4.0,236.9517,947.81
20085,2026-01-05,Sofia Müller,19150,Hanoi,Hanoi,Vietnam,Standard Class,3545.45,3679.28,0.05,183.96,50.13,3545.45,VI-2015-SO6702160-48318,"Ergonomic Task Chair, Mesh Back",Chairs,Furniture,FUR-CH-5308,10.0,253.1585,2531.59
20218,2024-07-07,Nguyen Minh Anh,59518,Helsinki,Uusimaa,Finland,Second Class,1045.36,1002.87,0.075,75.22,58.23,1045.36,FI-2015-NG1966769-49214,"Archive Storage Box, Letter Size",Storage,Office Supplies,OFF-ST-8457,6.0,9.8424,59.05
20211,2025-02-11,Daniel Romero,43492,Turku,Southwest Finland,Finland,Same Day,2964.19,3698.75,0.2,739.75,5.19,2964.19,FI-2016-DA3136529-43648,"Archive Storage Box, Letter Size",Storage,Office Supplies,OFF-ST-3734,3.0,5.9889,17.97
20202,2024-08-17,Corey Catlett,40871,Seattle,Washington,United States,Same Day,6935.9,7656.82,0.1,765.68,44.76,6935.9,UN-2014-CO6530194-44947,"Smartphone, 128GB (Midnight)",Phones,Technology,TEC-PH-2685,10.0,704.4723,7044.72
20086,2024-11-02,Mikko Laine,46006,Valencia,Valencian Community,Spain,Same Day,1627.8,1733.86,0.075,130.04,23.98,1627.8,SP-2013-MI8491822-48824,"Executive Leather Chair, Black",Chairs,Furniture,FUR-CH-4742,6.0,181.8493,1091.1
20199,2025-12-28,David Philippe,45761,Hanoi,Hanoi,Vietnam,Second Class,1361.38,1566.05,0.15,234.91,30.24,1361.38,VI-2012-DA6547958-42662,"Laptop Docking Station, USB-C",Accessories,Technology,TEC-AC-1201,0.0,97.8169,195.63
20174,2025-01-21,Mikko Laine,25499,Tampere,Pirkanmaa,Finland,First Class,6799.88,7114.81,0.05,355.74,40.81,6799.88,FI-2012-MI1762722-49449,"Binder Clips, Medium (Box of 100)",Fasteners,Office Supplies,OFF-FA-7274,1.0,2.2527,2.25
20058,2025-04-08,Corey Catlett,20998,Valencia,Valencian Community,Spain,First Class,1576.77,1799.15,0.15,269.87,47.49,1576.77,SP-2016-CO5074336-41669,"Laptop Docking Station, USB-C",Accessories,Technology,TEC-AC-1579,6.0,226.5296,1359.18
20078,2026-01-27,David Philippe,46459,San Francisco,California,United States,Second Class,4624.47,4593.62,,,30.85,4624.47,UN-2016-DA8312936-48056,"Wireless Mouse, Ergonomic",Accessories,Technology,TEC-AC-7870,2.0,33.8825,67.77
20136,2024-03-21,Aaron Bergman,89414,Hamburg,Hamburg,Germany,Same Day,3073.21,3310.83,0.075,248.31,10.69,3073.21,GE-2016-AA3531028-41013,Gel Pen Set (12 colors),Art,Office Supplies,OFF-AR-6241,2.0,15.564,31.13
20107,2025-08-28,Nguyen Minh Anh,57538,San Francisco,California,United States,First Class,740.53,778.77,0.075,58.41,20.17,740.53,UN-2014-NG7017548-40992,"Copy Paper, A4 (500 sheets)",Paper,Office Supplies,OFF-PA-7108,1.0,9.0245,9.02
20074,2024-06-22,Bruce Degenhardt,87304,Hanoi,Hanoi,Vietnam,Second Class,1403.21,1362.59,0.0,0.0,40.62,1403.21,VI-2015-BR2925626-48922,Monitor 27in IPS,Accessories,Technology,TEC-AC-1862,1.0,202.4918,202.49
20035,2024-07-22,Bruce Degenhardt,18434,Barcelona,Catalonia,Spain,First Class,142.04,126.06,0.0,0.0,15.98,142.04,SP-2015-BR1649691-47711,"Desk Organizer Tray, Bamboo",Storage,Office Supplies,OFF-ST-1752,4.0,10.2056,40.82
20004,2024-10-22,Mikko Laine,57400,Hanoi,Hanoi,Vietnam,Second Class,496.8,594.85,0.2,118.97,20.92,496.8,VI-2012-MI1768805-43733,,Storage,Office Supplies,OFF-ST-5625,2.0,191.2823,382.56
20037,2026-01-08,Corey Catlett,43142,Barcelona,Catalonia,Spain,Standard Class,1515.15,1478.22,0.0,0.0,36.93,1515.15,SP-2012-CO2935113-44279,"Stapler, Heavy Duty",Fasteners,Office Supplies,OFF-FA-8483,1.0,20.3879,20.39
20028,2025-02-13,Daniel Romero,24010,Madrid,Madrid,Spain,Standard Class,1573.49,1923.26,0.2,384.65,34.88,1573.49,SP-2014-DA3646552-47179,"Storage Ottoman, Fabric",Furnishings,Furniture,FUR-FU-5979,10.0,73.9618,739.62
20003,2023-09-16,Aaron Bergman,55197,Hamburg,Hamburg,Germany,Standard Class,1781.56,1723.04,,,58.52,1781.56,GE-2012-AA8707870-48785,"Binder Clips, Medium (Box of 100)",Fasteners,Office Supplies,OFF-FA-9083,2.0,6.1272,12.25
20072,2023-09-21,Nguyen Minh Anh,47759,Turku,Southwest Finland,Finland,Standard Class,4082.53,4047.17,0.0,0.0,35.36,4082.53,FI-2012-NG3634980-43929,"Stapler, Heavy Duty",Fasteners,Office Supplies,OFF-FA-5016,1.0,6.2487,6.25
20010,2024-01-09,Sofia Müller,99307,Berlin,Berlin,Germany,Same Day,4456.32,4776.81,0.075,358.26,37.77,4456.32,GE-2016-SO2065818-46304,Gel Pen Set (12 colors),Art,Office Supplies,OFF-AR-1391,2.0,11.5816,23.16
20244,2025-04-18,Aaron Bergman,67700,Ho Chi Minh City,Ho Chi Minh,Vietnam,Standard Class,262.23,235.84,1.2,11.79,38.18,262.23,VI-2015-AA3283789-44922,"Wireless Headset, Noise Cancelling",Accessories,Technology,TEC-AC-1157,3.0,40.307,120.92
20105,2023-09-17,Nguyen Minh Anh,80457,Hanoi,Hanoi,Vietnam,Second Class,1195.51,1339.16,0.15,200.87,57.22,1195.51,VI-2015-NG8610879-46078,"USB-C Charger 65W, GaN",Accessories,Technology,TEC-AC-7164,2.0,20.7172,41.43
20227,2023-03-15,Corey Catlett,28136,Berlin,Berlin,Germany,Second Class,9893.89,9861.07,0.0,0.0,32.82,9893.89,GE-2012-CO3533857-40149,"Desk Organizer Tray, Bamboo",Storage,Office Supplies,OFF-ST-4902,4.0,23.7449,94.98
20241,2024-07-11,Mikko Laine,78302,Hanoi,Hanoi,Vietnam,Second Class,2920.73,3034.29,0.05,151.71,21.56,2920.73,VI-2015-MI3843767-42274,"Oak Bookcase, 5-Shelf",Bookcases,Furniture,FUR-BO-3332,2.0,220.9317,441.86
20091,2023-05-14,Mikko Laine,18968,Da Nang,Da Nang,Vietnam,Second Class,11063.92,11897.42,0.075,892.31,58.81,11063.92,VI-2014-MI4816586-41480,"Tablet 10in, 64GB",Accessories,Technology,TEC-AC-4792,6.0,332.831,1996.99
20153,2024-07-06,Mikko Laine,74700,Helsinki,Uusimaa,Finland,Second Class,4509.48,4452.04,,,57.44,4509.48,FI-2012-MI9782613-45908,Monitor 27in IPS,Accessories,Technology,TEC-AC-7102,5.0,412.8753,2064.38
20063,2024-09-24,Mikko Laine,26106,Barcelona,Catalonia,Spain,First Class,1975.98,1931.38,0.0,0.0,44.6,1975.98,SP-2016-MI4205394-41402,"Ergonomic Task Chair, Mesh Back",Chairs,Furniture,FUR-CH-2565,6.0,124.7136,748.28
20145,2026-02-27,Nguyen Minh Anh,50562,Hanoi,Hanoi,Vietnam,Same Day,1742.11,1850.51,0.075,138.79,30.39,1742.11,VI-2013-NG7171347-49345,"Laptop 14in, 16GB RAM",Computers,Technology,TEC-CO-7461,1.0,1212.301,1212.3
20064,2024-07-06,David Philippe,74332,Da Nang,Da Nang,Vietnam,Same Day,7164.96,7137.72,0.0,0.0,27.24,7164.96,VI-2012-DA2561176-44820,"Oak Bookcase, 5-Shelf",Bookcases,Furniture,FUR-BO-8126,1.0,284.1796,284.18
20169,2025-10-14,Elina Virtanen,37109,Helsinki,Uusimaa,Finland,First Class,2878.63,3334.22,0.15,500.13,44.54,2878.63,FI-2012-EL6189037-46523,"Bookshelf, Industrial Metal/Wood",Bookcases,Furniture,FUR-BO-6161,4.0,364.7794,1459.12
20195,2024-06-20,Aisha Khan,33233,Turku,Southwest Finland,Finland,Same Day,1124.33,1266.99,0.15,190.05,47.39,1124.33,FI-2014-AI8925622-41647,"Mechanical Keyboard, TKL",Accessories,Technology,TEC-AC-6345,3.0,106.1223,318.37
20196,2025-06-12,David Philippe,72695,Cologne,North Rhine-Westphalia,Germany,Second Class,1375.36,1608.36,0.15,241.25,8.25,1375.36,GE-2014-DA6388299-44676,"Dining Chair Set (2-Pack), Grey",Chairs,Furniture,FUR-CH-2223,2.0,87.2224,174.44
20230,2025-02-24,Bruce Degenhardt,62023,Austin,Texas,United States,First Class,790.62,858.04,0.1,85.8,18.38,790.62,UN-2014-BR7812009-47520,"Smartphone, 128GB (Midnight)",Phones,Technology,TEC-PH-2785,1.0,363.3947,363.39
20183,2023-10-31,Sofia Müller,32772,Helsinki,Uusimaa,Finland,Same Day,4909.25,5118.66,0.05,255.93,46.52,4909.25,FI-2014-SO6688907-49139,"Steel File Cabinet, 3-Drawer",Storage,Office Supplies,OFF-ST-8635,3.0,218.2143,654.64
20155,2023-07-18,Aaron Bergman,41719,Munich,Bavaria,Germany,First Class,2201.44,2177.06,,,24.38,2201.44,GE-2016-AA6578736-42185,"Stapler, Heavy Duty",Fasteners,Office Supplies,OFF-FA-6870,2.0,23.6248,47.25
20045,2025-05-28,Nguyen Minh Anh,29342,Ho Chi Minh City,Ho Chi Minh,Vietnam,First Class,1647.6,1598.37,0.0,0.0,49.23,1647.6,VI-2012-NG8132769-43585,"Steel File Cabinet, 3-Drawer",Storage,Office Supplies,OFF-ST-5341,1.0,110.7431,110.74
20215,2025-12-27,Bruce Degenhardt,40807,Cologne,North Rhine-Westphalia,Germany,Standard Class,5198.42,5416.03,0.05,270.8,53.19,5198.42,GE-2016-BR6379867-43881,"Smartphone, 256GB (Silver)",Phones,Technology,TEC-PH-5984,10.0,480.2474,4802.47
20205,2025-06-30,Elina Virtanen,81812,Helsinki,Uusimaa,Finland,Second Class,1140.68,1196.36,0.075,89.73,34.05,1140.68,FI-2013-EL2373555-48609,"Laptop 14in, 16GB RAM",Computers,Technology,TEC-CO-6370,1.0,736.6523,736.65
20057,2024-08-07,Aaron Bergman,31993,San Francisco,California,United States,First Class,1013.04,1118.48,0.1,111.85,6.41,1013.04,UN-2013-AA6218367-41771,"Dining Chair Set (2-Pack), Grey",Chairs,Furniture,FUR-CH-6828,4.0,162.6919,650.77
20175,2023-05-03,David Philippe,91609,Helsinki,Uusimaa,Finland,Standard Class,2321.35,2839.94,0.2,567.99,49.4,2321.35,FI-2014-DA9102469-44012,"USB-C Charger 65W, GaN",Accessories,Technology,TEC-AC-5896,2.0,60.1049,120.21
20164,2025-09-08,Aaron Bergman,58875,Cologne,North Rhine-Westphalia,Germany,Same Day,4499.96,4708.49,0.05,235.42,26.89,4499.96,GE-2012-AA3310140-48674,"Executive Desk, L-Shape (Espresso)",Tables,Furniture,FUR-TA-1509,4.0,848.2209,3392.88
20226,2023-12-13,Elina Virtanen,40003,Madrid,Madrid,Spain,Second Class,1139.29,1088.14,,,51.15,1139.29,SP-2016-EL1985360-48584,"Stapler, Heavy Duty",Fasteners,Office Supplies,OFF-FA-5093,1.0,24.0197,24.02
20207,2024-04-25,Mikko Laine,74071,Hanoi,Hanoi,Vietnam,First Class,3008.96,3239.68,0.075,242.98,12.26,3008.96,VI-2016-MI8473959-40911,"Smartphone, 256GB (Silver)",Phones,Technology,TEC-PH-3290,1.0,458.9677,458.97
20168,2026-01-06,Nguyen Minh Anh,25908,Austin,Texas,United States,Second Class,6481.92,6457.07,,,24.85,6481.92,UN-2013-NG4971774-48094,"Laptop 14in, 16GB RAM",Computers,Technology,TEC-CO-4641,1.0,838.2264,838.23
20129,2025-07-04,Bruce Degenhardt,25096,Da Nang,Da Nang,Vietnam,Same Day,235.26,222.68,0.2,44.54,57.12,235.26,VI-2012-BR6448705-42815,"Premium Sketch Paper Pad, A4 120gsm",Art,Office Supplies,OFF-AR-7098,1.0,15.8111,15.81
20152,2023-07-08,Daniel Romero,85613,Helsinki,Uusimaa,Finland,First Class,1043.87,1068.7,0.05,53.44,28.61,1043.87,FI-2016-DA5059048-42352,"Bookshelf, Industrial Metal/Wood",Bookcases,Furniture,FUR-BO-2228,1.0,478.9071,478.91
20022,2024-06-28,Sofia Müller,63384,Berlin,Berlin,Germany,Same Day,869.03,854.97,,,14.06,869.03,GE-2015-SO4586084-46570,"Side Table, Oak Round 45cm",Tables,Furniture,FUR-TA-8265,1.0,33.738,33.74
20082,2023-11-25,Bruce Degenhardt,36713,Valencia,Valencian Community,Spain,Same Day,1481.38,1829.03,0.2,365.81,18.16,1481.38,SP-2012-BR1484348-49975,"Laptop Docking Station, USB-C",Accessories,Technology,TEC-AC-6432,1.0,97.2584,97.26
20120,2023-10-09,Aaron Bergman,82910,Hanoi,Hanoi,Vietnam,Standard Class,2448.94,2399.54,0.0,0.0,49.4,2448.94,VI-2012-AA5673599-49406,"Steel File Cabinet, 3-Drawer",Storage,Office Supplies,OFF-ST-1829,1.0,394.2048,394.2
20068,2024-09-13,Aisha Khan,17261,Cologne,North Rhine-Westphalia,Germany,Standard Class,369.43,454.7,0.2,90.94,5.67,369.43,GE-2013-AI9235577-41680,Gel Pen Set (12 colors),Art,Office Supplies,OFF-AR-7471,5.0,4.4128,22.06
20233,2024-09-07,Aisha Khan,29844,Helsinki,Uusimaa,Finland,Standard Class,1988.8,2458.12,0.2,491.62,22.3,1988.8,FI-2016-AI1552000-42938,"USB-C Charger 65W, GaN",Accessories,Technology,TEC-AC-7990,1.0,34.4669,34.47
20179,2024-07-22,Sofia Müller,63017,Helsinki,Uusimaa,Finland,Standard Class,2291.87,2512.44,0.1,251.24,30.67,2291.87,FI-2013-SO3673322-48163,"Tablet 10in, 64GB",Accessories,Technology,TEC-AC-4066,2.0,283.5462,567.09
20122,2025-05-30,Daniel Romero,28596,New York,New York,United States,First Class,654.29,676.97,0.075,50.77,28.09,654.29,UN-2012-DA9900022-43524,Monitor 27in IPS,Accessories,Technology,TEC-AC-3435,1.0,311.9498,311.95
20154,2026-01-04,Elina Virtanen,22765,Tampere,Pirkanmaa,Finland,Same Day,1293.48,1341.61,1.2,67.08,18.95,1293.48,FI-2015-EL1730386-46338,"Sticky Notes, 76x76mm (Pack of 12)",Paper,Office Supplies,OFF-PA-5026,2.0,11.9823,23.96
20193,2023-12-26,Bruce Degenhardt,15513,Ho Chi Minh City,Ho Chi Minh,Vietnam,Standard Class,3137.81,3669.07,0.15,550.36,19.1,3137.81,VI-2012-BR6811015-47247,Monitor 27in IPS,Accessories,Technology,TEC-AC-8848,1.0,164.562,164.56
20073,2025-06-15,David Philippe,87833,Seattle,Washington,United States,Same Day,837.83,835.74,0.05,41.79,43.88,837.83,UN-2014-DA1547605-43792,"Premium Sketch Paper Pad, A4 120gsm",Art,Office Supplies,OFF-AR-3248,4.0,7.3881,29.55
20190,2025-04-11,Aaron Bergman,32699,Da Nang,Da Nang,Vietnam,Same Day,2273.34,2348.6,0.05,117.43,42.17,2273.34,VI-2016-AA6743294-48950,Monitor 27in IPS,Accessories,Technology,TEC-AC-9614,2.0,316.6112,633.22
20234,2025-05-25,Daniel Romero,,New York,New York,United States,Second Class,2812.64,3451.15,0.2,690.23,51.72,2812.64,UN-2016-DA5034453-49284,"Smartphone, 256GB (Silver)",Phones,Technology,TEC-PH-9907,1.0,1192.0527,1192.05
20053,2024-02-03,David Philippe,26728,Da Nang,Da Nang,Vietnam,First Class,11619.48,13636.37,0.15,2045.46,28.57,11619.48,VI-2015-DA1454696-41375,"Smartphone, 256GB (Silver)",Phones,Technology,TEC-PH-6883,5.0,858.3884,4291.94
20049,2025-01-17,Aaron Bergman,80799,Austin,Texas,United States,First Class,6513.8,6995.28,0.075,524.65,43.17,6513.8,UN-2013-AA3530518-43788,"Archive Storage Box, Letter Size",Storage,Office Supplies,OFF-ST-6636,10.0,12.5455,125.46
20065,2025-03-26,David Philippe,82545,Austin,Texas,United States,Standard Class,955.97,1089.42,0.15,163.41,29.96,955.97,UN-2015-DA6549757-45764,"Premium Sketch Paper Pad, A4 120gsm",Art,Office Supplies,OFF-AR-5430,1.0,3.5734,3.57
20018,2026-01-17,Nguyen Minh Anh,26251,Madrid,Madrid,Spain,Same Day,1800.35,1965.95,0.1,196.6,31.0,1800.35,SP-2013-NG3219824-49355,"Sticky Notes, 76x76mm (Pack of 12)",Paper,Office Supplies,OFF-PA-4588,1.0,18.3322,18.33
20216,2025-06-25,Bruce Degenhardt,56164,Turku,Southwest Finland,Finland,First Class,1779.45,1941.32,0.1,194.13,32.26,1779.45,FI-2016-BR3938247-46999,"Smartphone, 128GB (Midnight)",Phones,Technology,TEC-PH-5602,1.0,785.1923,785.19
20220,2023-06-15,Bruce Degenhardt,59551,Cologne,North Rhine-Westphalia,Germany,First Class,5495.42,6415.87,0.15,962.38,41.93,5495.42,GE-2012-BR4156856-49626,"Archive Storage Box, Letter Size",Storage,Office Supplies,OFF-ST-9674,3.0,17.57,52.71
20023,2024-08-26,David Philippe,47503,Hamburg,Hamburg,Germany,Same Day,4915.6,4894.28,0.0,0.0,21.32,4915.6,GE-2016-DA9164991-42536,"Dining Chair Set (2-Pack), Grey",Chairs,Furniture,FUR-CH-3615,1.0,109.5714,109.57
20014,2024-07-04,Aisha Khan,23786,Barcelona,Catalonia,Spain,First Class,2209.86,2719.45,0.2,543.89,34.3,2209.86,SP-2012-AI9153566-41133,"Dining Chair Set (2-Pack), Grey",Chairs,Furniture,FUR-CH-5366,6.0,223.257,1339.54
20039,2024-08-04,Aisha Khan,77254,Turku,Southwest Finland,Finland,First Class,6791.6,7332.7,0.075,549.95,8.85,6791.6,FI-2016-AI4305700-45967,"Tablet 10in, 64GB",Accessories,Technology,TEC-AC-1916,2.0,393.0061,786.01
20030,2024-09-09,Bruce Degenhardt,99376,Turku,Southwest Finland,Finland,Second Class,3336.45,3671.76,0.1,367.18,31.87,3336.45,FI-2014-BR4415796-44325,"Smartphone, 256GB (Silver)",Phones,Technology,TEC-PH-7363,3.0,1151.4045,3454.21
20015,2025-10-30,Elina Virtanen,31644,New York,New York,United States,Standard Class,8011.73,8850.21,0.1,885.02,46.54,8011.73,UN-2016-EL8099076-43470,"Laptop Docking Station, USB-C",Accessories,Technology,TEC-AC-3846,1.0,130.2137,130.21
20138,2025-03-16,Aaron Bergman,57179,Turku,Southwest Finland,Finland,Same Day,522.43,474.02,,,48.41,522.43,FI-2015-AA6676858-49795,"A4 Lever-Arch Binder, 5cm Spine (Blue)",Binders,Office Supplies,OFF-BI-6878,10.0,2.2821,22.82
20034,2025-02-23,Elina Virtanen,63265,Seattle,Washington,United States,Second Class,7905.04,8539.11,0.075,640.43,6.36,7905.04,UN-2013-EL3726327-42900,"Wireless Mouse, Ergonomic",Accessories,Technology,TEC-AC-6761,10.0,50.3252,503.25
20210,2023-12-04,Corey Catlett,59081,Hanoi,Hanoi,Vietnam,Same Day,4738.99,4696.44,,,42.55,4738.99,VI-2015-CO7333337-46154,"Copy Paper, A4 (500 sheets)",Paper,Office Supplies,OFF-PA-4084,5.0,9.5055,47.53
20189,2025-06-24,Nguyen Minh Anh,63788,Hanoi,Hanoi,Vietnam,Same Day,2720.95,2685.1,0.0,0.0,35.85,2720.95,VI-2012-NG3316639-48498,"Executive Desk, L-Shape (Espresso)",Tables,Furniture,FUR-TA-9035,1.0,313.1802,313.18
20177,2024-12-01,Aaron Bergman,65368,Turku,Southwest Finland,Finland,Same Day,3453.3,3824.96,0.1,382.5,10.84,3453.3,FI-2013-AA7216632-48437,"Dining Chair Set (2-Pack), Grey",Chairs,Furniture,FUR-CH-4584,1.0,165.2897,165.29
20187,2024-11-21,Aisha Khan,88238,Da Nang,Da Nang,Vietnam,Same Day,3742.02,4122.89,0.1,412.29,31.42,3742.02,VI-2014-AI4817541-40841,"Modular Bookcase, Walnut (6-Cube)",Bookcases,Furniture,FUR-BO-6435,10.0,206.6297,2066.3
20090,2025-10-18,Bruce Degenhardt,54376,Seattle,Washington,United States,Same Day,663.68,655.35,0.075,49.15,57.48,663.68,UN-2012-BR6512415-48742,"Standing Desk Converter, 32in",Tables,Furniture,FUR-TA-6582,1.0,392.3855,392.39
20198,2023-03-20,Bruce Degenhardt,45222,Madrid,Madrid,Spain,First Class,745.8,836.38,0.15,125.46,34.88,745.8,SP-2014-BR5774152-47444,"Laptop Docking Station, USB-C",Accessories,Technology,TEC-AC-6301,1.0,93.7252,93.73
20231,2023-08-14,Aisha Khan,22256,Austin,Texas,United States,Same Day,3574.49,3855.57,0.075,289.17,8.09,3574.49,UN-2015-AI7327855-49055,"Copy Paper, A4 (500 sheets)",Paper,Office Supplies,OFF-PA-3320,1.0,13.1578,42.28
20224,2024-05-28,Sofia Müller,12125,Hanoi,Hanoi,Vietnam,Standard Class,2701.51,2685.72,0.0,0.0,15.79,2701.51,VI-2016-SO8005797-44836,"Laptop Docking Station, USB-C",Accessories,Technology,TEC-AC-6978,1.0,153.5104,153.51
20156,2024-02-23,David Philippe,39362,Valencia,Valencian Community,Spain,Second Class,1019.07,997.93,,,21.14,1019.07,SP-2013-DA2058651-47498,"USB-C Charger 65W, GaN",Accessories,Technology,TEC-AC-7481,10.0,20.5568,205.57
20080,2025-09-18,Daniel Romero,61324,Turku,Southwest Finland,Finland,Standard Class,1126.21,1366.14,0.2,273.23,33.3,1126.21,FI-2014-DA2944841-46622,"Storage Ottoman, Fabric",Furnishings,Furniture,FUR-FU-6285,1.0,176.6205,176.62
20135,2025-03-26,Bruce Degenhardt,20172,Berlin,Berlin,Germany,First Class,6442.57,6925.03,0.075,519.38,36.92,6442.57,GE-2016-BR9507186-46299,"Mechanical Keyboard, TKL",Accessories,Technology,TEC-AC-8157,5.0,132.6393,663.2
20125,2023-10-15,Bruce Degenhardt,46872,Barcelona,Catalonia,Spain,Same Day,2266.66,2239.92,0.0,0.0,26.74,2266.66,SP-2016-BR6174418-40744,"Executive Desk, L-Shape (Espresso)",Tables,Furniture,FUR-TA-6846,2.0,715.8722,1431.74
20067,2026-02-08,Mikko Laine,47093,Ho Chi Minh City,Ho Chi Minh,Vietnam,First Class,8444.63,8873.43,0.05,443.67,14.87,8444.63,VI-2013-MI5970190-43727,"Laptop 14in, 16GB RAM",Computers,Technology,TEC-CO-3872,4.0,941.4821,3765.93
20208,2023-06-28,Elina Virtanen,70604,Ho Chi Minh City,Ho Chi Minh,Vietnam,Standard Class,418.3,516.41,0.2,103.28,5.17,418.3,VI-2012-EL7642917-44169,"Wireless Mouse, Ergonomic",Accessories,Technology,TEC-AC-5825,1.0,24.0842,24.08
20117,2024-12-01,Bruce Degenhardt,32531,Barcelona,Catalonia,Spain,Second Class,1828.5,2273.5,0.2,454.7,9.7,1828.5,SP-2015-BR2126310-41494,"Modular Bookcase, Walnut (6-Cube)",Bookcases,Furniture,FUR-BO-7415,10.0,133.9246,1339.25
20160,2025-07-30,Mikko Laine,33652,Hanoi,Hanoi,Vietnam,Standard Class,2749.32,2850.5,0.05,142.53,41.35,2749.32,VI-2014-MI2721307-41311,"Sticky Notes, 76x76mm (Pack of 12)",Paper,Office Supplies,OFF-PA-6213,10.0,7.5343,75.34
20083,2023-03-30,Elina Virtanen,63477,Austin,Texas,United States,First Class,2778.98,2738.36,,,40.62,2778.98,UN-2013-EL2903561-47560,"Copy Paper, A4 (500 sheets)",Paper,Office Supplies,OFF-PA-2705,5.0,4.6877,23.44
20093,2026-02-21,Corey Catlett,84178,New York,New York,United States,Second Class,1665.66,1791.96,0.1,179.2,52.9,1665.66,UN-2013-CO3937176-41293,"Mechanical Keyboard, TKL",Accessories,Technology,TEC-AC-2274,2.0,91.8194,183.64
20166,2025-08-31,Nguyen Minh Anh,48100,Valencia,Valencian Community,Spain,Standard Class,536.69,414.56,0.0,0.0,51.91,536.69,SP-2015-NG4358435-42009,"A4 Lever-Arch Binder, 5cm Spine (Blue)",Binders,Office Supplies,OFF-BI-3750,1.0,10.2166,10.22
20137,2023-08-21,Elina Virtanen,50345,Valencia,Valencian Community,Spain,Second Class,474.38,476.28,0.075,35.72,33.82,474.38,SP-2012-EL5156449-47172,"USB-C Charger 65W, GaN",Accessories,Technology,TEC-AC-6500,5.0,15.6268,78.13
20213,2023-05-06,Corey Catlett,90600,Seattle,Washington,United States,First Class,7494.99,7457.32,,,37.67,7494.99,UN-2013-CO4457475-41102,"Side Table, Oak Round 45cm",Tables,Furniture,FUR-TA-5088,1.0,58.2957,58.3
20228,2025-11-15,David Philippe,9031,Madrid,Madrid,Spain,First Class,1708.33,1674.21,,,34.12,1708.33,SP-2016-DA7901115-40194,"Smartphone, 256GB (Silver)",Phones,Technology,TEC-PH-2770,1.0,486.1106,486.11
20016,2026-05-09,Aaron Bergman,67423,Austin,Texas,United States,Same Day,486.52,462.93,,,23.59,486.52,UN-2012-AA5159166-43681,"Steel File Cabinet, 3-Drawer",Storage,Office Supplies,OFF-ST-7875,1.0,380.7477,380.75
20071,2024-06-06,Elina Virtanen,59856,Da Nang,Da Nang,Vietnam,Same Day,2643.26,2834.01,0.075,212.55,21.8,2643.26,VI-2015-EL5988757-49642,"Archive Storage Box, Letter Size",Storage,Office Supplies,OFF-ST-7204,3.0,13.3745,40.12
20201,2026-01-20,Aaron Bergman,21368,Ho Chi Minh City,Ho Chi Minh,Vietnam,Same Day,7266.48,7831.01,0.075,587.33,22.8,7266.48,VI-2012-AA4100114-42303,"Executive Leather Chair, Black",Chairs,Furniture,FUR-CH-8855,10.0,648.6981,6486.98
20054,2023-06-12,Bruce Degenhardt,59689,Hanoi,Hanoi,Vietnam,Standard Class,637.93,622.17,0.05,31.11,46.87,637.93,VI-2013-BR8628588-45355,"USB-C Charger 65W, GaN",Accessories,Technology,TEC-AC-4695,1.0,39.8208,39.82
20001,2024-06-20,Elina Virtanen,89022,Cologne,North Rhine-Westphalia,Germany,First Class,5591.09,6025.91,0.075,451.94,17.12,5591.09,GE-2016-EL4335942-48928,"Smartphone, 256GB (Silver)",Phones,Technology,TEC-PH-1547,2.0,465.0585,930.12
20099,2023-05-21,Bruce Degenhardt,67780,Seattle,Washington,United States,First Class,3923.59,3868.56,,,55.03,3923.59,UN-2016-BR7121355-42153,"Bookshelf, Industrial Metal/Wood",Bookcases,Furniture,FUR-BO-2715,1.0,226.5962,226.6
20172,2024-06-05,Aaron Bergman,42007,Valencia,Valencian Community,Spain,Standard Class,2553.77,2936.67,0.15,440.5,57.6,2553.77,SP-2012-AA5204459-43216,Monitor 27in IPS,Accessories,Technology,TEC-AC-7151,1.0,344.9558,344.96
20151,2023-10-15,Bruce Degenhardt,41148,San Francisco,California,United States,Standard Class,2662.76,2835.26,0.075,212.64,40.14,2662.76,UN-2012-BR1801102-43906,"Stapler, Heavy Duty",Fasteners,Office Supplies,OFF-FA-2525,3.0,29.1672,87.5
20243,2025-12-11,Mikko Laine,48415,Madrid,Madrid,Spain,Second Class,1520.48,1594.85,0.05,79.74,5.37,1520.48,SP-2015-MI2794698-42219,"Sticky Notes, 76x76mm (Pack of 12)",Paper,Office Supplies,OFF-PA-8909,1.0,10.9012,10.9
20050,2025-06-28,Corey Catlett,53370,Seattle,Washington,United States,Same Day,2164.13,2670.02,0.2,534.0,28.11,2164.13,UN-2015-CO2044645-43388,"Wireless Headset, Noise Cancelling",Accessories,Technology,TEC-AC-3703,10.0,226.8482,2268.48
20157,2023-05-26,Aaron Bergman,50757,Cologne,North Rhine-Westphalia,Germany,Same Day,2135.62,2089.19,,,46.43,2135.62,GE-2016-AA8942330-44150,"Executive Desk, L-Shape (Espresso)",Tables,Furniture,FUR-TA-1877,1.0,481.7662,481.77
20007,2024-12-25,Aisha Khan,50121,Turku,Southwest Finland,Finland,First Class,3042.25,3025.65,,,16.6,3042.25,FI-2014-AI7730428-44386,"Side Table, Oak Round 45cm",Tables,Furniture,FUR-TA-7705,6.0,93.5936,561.56
20101,2025-11-12,Bruce Degenhardt,54397,Austin,Texas,United States,First Class,2590.98,3166.02,0.2,633.2,58.16,2590.98,UN-2015-BR2263313-42306,"Mechanical Keyboard, TKL",Accessories,Technology,TEC-AC-9849,2.0,134.1807,268.36
20240,2023-04-24,Daniel Romero,56388,Hanoi,Hanoi,Vietnam,First Class,1862.32,1841.27,,,21.05,1862.32,VI-2016-DA6443037-46311,"Storage Ottoman, Fabric",Furnishings,Furniture,FUR-FU-4891,1.0,46.949,46.95
20163,2025-08-15,Aisha Khan,36645,Tampere,Pirkanmaa,Finland,First Class,2159.83,2273.09,0.075,170.48,57.22,2159.83,FI-2013-AI7145971-45933,"Copy Paper, A4 (500 sheets)",Paper,Office Supplies,OFF-PA-9043,1.0,3.6541,3.65
20167,2025-08-29,Daniel Romero,51889,Hanoi,Hanoi,Vietnam,Standard Class,4985.74,6215.1,0.2,1243.02,13.66,4985.74,VI-2012-DA5871470-44914,"Modular Bookcase, Walnut (6-Cube)",Bookcases,Furniture,FUR-BO-8005,1.0,246.6563,246.66
20047,2024-12-10,David Philippe,86262,Tampere,Pirkanmaa,Finland,Same Day,1146.34,1287.01,0.15,193.05,52.38,1146.34,FI-2016-DA8481188-42607,"USB-C Charger 65W, GaN",Accessories,Technology,TEC-AC-8869,2.0,20.3343,40.67
20161,2025-07-21,Sofia Müller,37092,Barcelona,Catalonia,Spain,Standard Class,781.83,802.15,0.1,80.22,59.9,781.83,SP-2015-SO1710601-45776,"Side Table, Oak Round 45cm",Tables,Furniture,FUR-TA-3798,2.0,117.8205,235.64
20103,2025-04-20,Aaron Bergman,15101,Valencia,Valencian Community,Spain,Second Class,1455.4,1473.75,0.05,73.69,55.34,1455.4,SP-2015-AA1419843-49198,"Archive Storage Box, Letter Size",Storage,Office Supplies,OFF-ST-2892,2.0,17.9127,35.83
20059,2023-05-25,Aaron Bergman,89927,Turku,Southwest Finland,Finland,Same Day,3067.52,3580.88,0.15,537.13,23.77,3067.52,FI-2014-AA2156902-48289,"Archive Storage Box, Letter Size",Storage,Office Supplies,OFF-ST-9013,2.0,4.7316,9.46
20223,2025-03-07,Elina Virtanen,40590,Barcelona,Catalonia,Spain,Same Day,3029.73,3004.34,0.0,0.0,25.39,3029.73,SP-2012-EL8876742-45246,"Stapler, Heavy Duty",Fasteners,Office Supplies,OFF-FA-7349,1.0,20.4698,20.47
20109,2024-04-29,Mikko Laine,38306,Seattle,Washington,United States,Second Class,2032.23,2011.98,,,20.25,2032.23,UN-2014-MI3475548-49764,"Premium Sketch Paper Pad, A4 120gsm",Art,Office Supplies,OFF-AR-7052,1.0,12.8071,12.81
20143,2026-02-12,Aisha Khan,64240,Tampere,Pirkanmaa,Finland,Second Class,1102.11,1087.16,0.0,0.0,14.95,1102.11,FI-2016-AI7320310-42527,"Bookshelf, Industrial Metal/Wood",Bookcases,Furniture,FUR-BO-8204,5.0,196.4093,982.05
20242,2023-07-09,Sofia Müller,66973,Hanoi,Hanoi,Vietnam,Standard Class,10044.68,12544.31,0.2,2508.86,9.23,10044.68,VI-2015-SO6029008-47933,"Laptop 14in, 16GB RAM",Computers,Technology,TEC-CO-5400,10.0,708.5574,7085.57
20040,2024-12-03,Daniel Romero,27682,Valencia,Valencian Community,Spain,Standard Class,1112.68,1284.02,0.15,192.6,21.26,1112.68,SP-2015-DA6472441-46592,"Smartphone, 128GB (Midnight)",Phones,Technology,TEC-PH-2584,1.0,700.8847,30.93
20141,2026-02-12,Daniel Romero,50338,Madrid,Madrid,Spain,Same Day,9049.31,9502.44,0.05,475.12,21.99,9049.31,SP-2016-DA7070468-40298,"Smartphone, 256GB (Silver)",Phones,Technology,TEC-PH-9871,4.0,1178.0292,4712.12
20044,2023-06-04,Nguyen Minh Anh,72278,Seattle,Washington,United States,First Class,3251.81,3207.3,0.0,0.0,44.51,3251.81,UN-2015-NG7953166-49431,"Copy Paper, A4 (500 sheets)",Paper,Office Supplies,OFF-PA-4727,6.0,3.7318,22.39
20232,2023-08-18,David Philippe,66988,Cologne,North Rhine-Westphalia,Germany,Standard Class,1292.05,1274.41,,,17.64,1292.05,GE-2016-DA2599906-48653,"Premium Sketch Paper Pad, A4 120gsm",Art,Office Supplies,OFF-AR-9561,4.0,24.2438,96.98
20062,2025-04-16,Aaron Bergman,13762,San Francisco,California,United States,Same Day,1011.64,987.12,0.0,0.0,24.52,1011.64,UN-2014-AA4050766-47988,"USB-C Charger 65W, GaN",Accessories,Technology,FUR-BO-99999,10.0,63.491,634.91
20042,2024-05-05,Corey Catlett,46010,Barcelona,Catalonia,Spain,Standard Class,568.26,648.84,0.15,97.33,16.75,568.26,SP-2015-CO8411939-47244,"Archive Storage Box, Letter Size",Storage,Office Supplies,OFF-ST-5896,1.0,10.5013,10.5
20221,2024-05-02,Aaron Bergman,49740,San Francisco,California,United States,First Class,2323.86,2663.39,0.15,399.51,59.98,2323.86,UN-2013-AA4188068-41922,"Laptop Docking Station, USB-C",Accessories,Technology,TEC-AC-1568,6.0,187.1074,1122.64
20239,2024-09-04,Daniel Romero,27367,Ho Chi Minh City,Ho Chi Minh,Vietnam,First Class,613.85,642.6,0.1,64.26,35.51,613.85,VI-2013-DA8230636-47353,"Desk Organizer Tray, Bamboo",Storage,Office Supplies,OFF-ST-3415,1.0,38.3762,38.38
20245,2024-12-04,Sofia Müller,62199,San Francisco,California,United States,Standard Class,1806.41,2235.1,1.2,447.02,18.33,1806.41,UN-2014-SO9237735-49435,"Steel File Cabinet, 3-Drawer",Storage,Office Supplies,OFF-ST-3832,1.0,410.5361,410.54
20204,2023-10-28,Bruce Degenhardt,32088,Valencia,Valencian Community,Spain,Second Class,2073.8,2043.78,0.0,0.0,30.02,2073.8,SP-2013-BR3240912-47834,"Smartphone, 256GB (Silver)",Phones,Technology,TEC-PH-4157,1.0,482.0069,482.01
20005,2023-09-24,Corey Catlett,46549,Cologne,North Rhine-Westphalia,Germany,Same Day,4636.52,4863.16,0.05,243.16,16.52,4636.52,GE-2014-CO3728882-46065,"Ergonomic Task Chair, Mesh Back",Chairs,Furniture,FUR-CH-8133,2.0,349.29,698.58
20209,2023-06-02,Corey Catlett,55159,Seattle,Washington,United States,First Class,13684.27,14786.51,0.075,1108.99,6.75,13684.27,UN-2016-CO2010921-41130,"Wireless Headset, Noise Cancelling",Accessories,Technology,TEC-AC-3422,10.0,94.1561,941.56
20181,2025-10-20,Bruce Degenhardt,43173,Barcelona,Catalonia,Spain,First Class,2774.21,2872.84,0.05,143.64,45.01,2774.21,SP-2012-BR8229768-42194,"Tablet 10in, 64GB",Accessories,Technology,TEC-AC-2097,1.0,323.5967,323.6
20249,2023-05-16,Aaron Bergman,80373,Da Nang,Da Nang,Vietnam,First Class,2104.8,2064.22,0.0,0.0,40.58,2104.8,VI-2012-AA5164624-45816,"Premium Sketch Paper Pad, A4 120gsm",Art,Office Supplies,OFF-AR-6343,2.0,14.4331,28.87
20076,2025-06-03,Bruce Degenhardt,40799,Valencia,Valencian Community,Spain,Same Day,4288.28,4234.36,,,53.92,4288.28,SP-2015-BR2349590-49798,"Tablet 10in, 64GB",Accessories,Technology,TEC-AC-1202,10.0,397.4032,3974.03
20017,2024-06-15,Mikko Laine,48964,Tampere,Pirkanmaa,Finland,First Class,8880.32,8825.52,,,54.8,8880.32,FI-2012-MI1987737-43750,"Smartphone, 256GB (Silver)",Phones,Technology,TEC-PH-7874,1.0,760.8318,760.83
20081,2025-06-25,Aisha Khan,34701,Hamburg,Hamburg,Germany,Standard Class,2962.34,3693.12,0.2,738.62,7.84,2962.34,GE-2016-AI9363326-47242,"Standing Desk Converter, 32in",Tables,Furniture,FUR-TA-2641,1.0,271.3125,271.31
20115,2024-12-26,Corey Catlett,98401,Tampere,Pirkanmaa,Finland,Standard Class,5410.3,5837.68,0.075,437.83,10.45,5410.3,FI-2015-CO9481739-49919,"Executive Leather Chair, Black",Chairs,Furniture,FUR-CH-5687,6.0,813.6978,4882.19
20178,2023-11-07,Bruce Degenhardt,68930,San Francisco,California,United States,Second Class,1112.38,1110.93,0.05,55.55,57.0,1112.38,UN-2013-BR2624230-40829,Monitor 27in IPS,Accessories,Technology,TEC-AC-7732,9999.0,247.2522,494.5
20184,2025-12-20,Aisha Khan,15939,San Francisco,California,United States,First Class,1774.13,1937.78,0.1,193.78,30.13,1774.13,UN-2013-AI6587495-47761,"Archive Storage Box, Letter Size",Storage,Office Supplies,OFF-ST-8750,1.0,6.2718,6.27
20112,2025-03-12,Elina Virtanen,87812,Ho Chi Minh City,Ho Chi Minh,Vietnam,First Class,878.12,967.48,0.1,96.75,7.39,878.12,VI-2015-EL9453010-43629,"Premium Sketch Paper Pad, A4 120gsm",Art,Office Supplies,OFF-AR-3356,10.0,16.3904,163.9
20024,2024-12-03,Aisha Khan,16687,Berlin,Berlin,Germany,Same Day,2569.68,2511.84,,,57.84,2569.68,GE-2016-AI9910817-42579,"Wireless Mouse, Ergonomic",Accessories,Technology,TEC-AC-7581,1.0,38.9139,38.91
20121,2023-04-24,Mikko Laine,55154,Tampere,Pirkanmaa,Finland,First Class,4228.67,4425.64,0.05,221.28,24.31,4228.67,FI-2013-MI5584716-45062,Monitor 27in IPS,Accessories,Technology,TEC-AC-6431,2.0,153.8015,307.6
20206,2023-10-17,Aisha Khan,43891,Madrid,Madrid,Spain,Second Class,129.17,81.23,0.05,4.06,52.0,129.17,SP-2016-AI3514105-42695,"Archive Storage Box, Letter Size",Storage,Office Supplies,OFF-ST-5400,3.0,3.3844,10.15
20214,2023-06-09,Nguyen Minh Anh,15798,Da Nang,Da Nang,Vietnam,Same Day,4194.43,4147.94,0.0,0.0,46.49,4194.43,VI-2015-NG4931560-48843,"Laptop 14in, 16GB RAM",Computers,Technology,TEC-CO-5965,2.0,916.3293,1832.66
20133,2025-12-07,David Philippe,84004,Cologne,North Rhine-Westphalia,Germany,Same Day,471.69,442.5,0.0,0.0,29.19,471.69,GE-2016-DA6422534-45179,"Archive Storage Box, Letter Size",Storage,Office Supplies,OFF-ST-2609,2.0,5.5533,11.11
20052,2024-05-26,David Philippe,38760,Da Nang,Da Nang,Vietnam,Standard Class,414.06,422.24,0.075,31.67,23.49,414.06,VI-2015-DA9147720-40475,"Mechanical Keyboard, TKL",Accessories,Technology,TEC-AC-8259,3.0,81.3717,244.12
20200,2024-03-17,Aisha Khan,30093,Valencia,Valencian Community,Spain,Standard Class,871.64,910.61,0.1,91.06,52.09,871.64,SP-2016-AI4240708-42875,Gel Pen Set (12 colors),Art,Office Supplies,OFF-AR-2462,2.0,10.184,20.37
20116,2025-07-29,David Philippe,40064,Cologne,North Rhine-Westphalia,Germany,Same Day,3121.56,3325.87,0.075,249.44,45.13,3121.56,GE-2014-DA8608449-46532,"Tablet 10in, 64GB",Accessories,Technology,TEC-AC-7671,5.0,461.0125,2305.06
20087,2025-04-12,David Philippe,62276,Tampere,Pirkanmaa,Finland,Second Class,4879.63,6039.98,0.2,1208.0,47.65,4879.63,FI-2013-DA7425184-43826,"Laptop Docking Station, USB-C",Accessories,Technology,TEC-AC-7126,1.0,177.5958,177.6
20079,2024-12-18,Daniel Romero,31079,Ho Chi Minh City,Ho Chi Minh,Vietnam,Standard Class,3584.35,4149.83,0.15,622.47,56.99,3584.35,VI-2015-DA9312590-44722,"Executive Desk, L-Shape (Espresso)",Tables,Furniture,FUR-TA-2075,2.0,746.6986,1493.4
20089,2025-08-19,Daniel Romero,42469,Madrid,Madrid,Spain,Same Day,2894.28,3566.59,0.2,713.32,41.01,2894.28,SP-2012-DA3418526-46717,"Premium Sketch Paper Pad, A4 120gsm",Art,Office Supplies,OFF-AR-3222,6.0,22.3453,134.07
20036,2024-11-16,Nguyen Minh Anh,39219,Ho Chi Minh City,Ho Chi Minh,Vietnam,First Class,2929.96,3028.86,0.05,151.44,52.54,2929.96,VI-2013-NG7685149-45378,"Modular Bookcase, Walnut (6-Cube)",Bookcases,Furniture,FUR-BO-3846,2.0,496.3276,992.66
20186,2025-11-29,Mikko Laine,59394,Tampere,Pirkanmaa,Finland,Same Day,4593.28,5390.88,0.15,808.63,11.03,4593.28,FI-2012-MI7180018-45427,"Side Table, Oak Round 45cm",Tables,Furniture,FUR-TA-1944,2.0,28.1417,56.28
20029,2026-02-17,Aisha Khan,51770,Valencia,Valencian Community,Spain,Standard Class,4569.47,4515.54,,,53.93,4569.47,SP-2012-AI3253031-44333,"Oak Bookcase, 5-Shelf",Bookcases,Furniture,FUR-BO-6904,2.0,300.5501,601.1
20021,2024-09-22,David Philippe,42742,Hanoi,Hanoi,Vietnam,First Class,5723.31,6662.77,0.15,999.42,59.96,5723.31,VI-2015-DA2642635-40828,"Laptop 14in, 16GB RAM",Computers,Technology,TEC-CO-8605,6.0,1027.0952,6162.57
20106,2024-01-12,Corey Catlett,33078,Helsinki,Uusimaa,Finland,Same Day,4177.08,4134.11,,,42.97,4177.08,FI-2016-CO7847048-44583,"Tablet 10in, 64GB",Accessories,Technology,TEC-AC-3029,1.0,269.5171,269.52
20075,2023-07-26,Aisha Khan,18874,Madrid,Madrid,Spain,Standard Class,4518.71,4487.93,,,30.78,4518.71,SP-2016-AI5842082-47195,"Archive Storage Box, Letter Size",Storage,Office Supplies,OFF-ST-8308,1.0,21.2499,21.25
20026,2025-07-07,Mikko Laine,84200,Berlin,Berlin,Germany,Standard Class,3703.34,3683.73,0.0,0.0,19.61,3703.34,GE-2014-MI4426900-45147,"Archive Storage Box, Letter Size",Storage,Office Supplies,OFF-ST-6730,3.0,6.1068,18.32
20123,2025-03-28,Bruce Degenhardt,29259,Madrid,Madrid,Spain,First Class,4288.08,5311.38,0.2,1062.28,38.98,4288.08,SP-2012-BR3610197-42579,Monitor 27in IPS,Chairs,Furniture,TEC-AC-5237,1.0,219.8194,219.82
20006,2023-07-26,Mikko Laine,49614,Valencia,Valencian Community,Spain,Second Class,823.49,862.29,0.075,64.67,25.87,823.49,SP-2016-MI5107245-42677,"Premium Sketch Paper Pad, A4 120gsm",Art,Office Supplies,OFF-AR-1813,1.0,21.7841,21.78
20088,2025-10-25,Corey Catlett,60719,Munich,Bavaria,Germany,Second Class,2687.28,2921.32,0.1,292.13,58.09,2687.28,GE-2015-CO1621086-42068,"Smartphone, 128GB (Midnight)",Phones,Technology,TEC-PH-4511,2.0,688.4279,1376.86
20038,2023-10-10,Mikko Laine,36480,Madrid,Madrid,Spain,Standard Class,3218.92,3563.96,0.1,356.4,11.36,3218.92,SP-2014-MI8321474-49932,"USB-C Charger 65W, GaN",Accessories,Technology,TEC-AC-4387,2.0,50.8373,101.67
20128,2025-05-23,Aisha Khan,36589,Madrid,Madrid,Spain,First Class,705.7,752.32,0.1,75.23,28.61,705.7,SP-2015-AI2306317-45129,"Desk Organizer Tray, Bamboo",Storage,Office Supplies,OFF-ST-1328,1.0,23.1711,23.17
20229,2024-10-09,Aisha Khan,40914,Valencia,Valencian Community,Spain,Same Day,4260.34,4719.06,0.1,471.91,13.19,4260.34,SP-2013-AI2795437-41578,"Standing Desk Converter, 32in",Tables,Furniture,FUR-TA-3837,10.0,352.294,3522.94
20150,2025-10-24,Sofia Müller,71602,Munich,Bavaria,Germany,Same Day,5485.21,5466.13,,,19.08,5485.21,GE-2016-SO1088100-41298,"Dining Chair Set (2-Pack), Grey",Chairs,Furniture,FUR-CH-5135,10.0,221.0171,2210.17
20246,2025-05-14,Aaron Bergman,24927,Ho Chi Minh City,Ho Chi Minh,Vietnam,Second Class,2344.6,2287.18,,,57.42,2344.6,VI-2016-AA4018677-49012,"Storage Ottoman, Fabric",Furnishings,Furniture,FUR-FU-5511,4.0,165.3676,661.47
20197,2026-03-01,Aisha Khan,33061,Cologne,North Rhine-Westphalia,Germany,Same Day,1217.87,1482.03,0.2,296.41,32.25,1217.87,GE-2013-AI1609681-46504,"Laptop Docking Station, USB-C",Accessories,Technology,TEC-AC-6713,5.0,132.8398,664.2
20118,2025-04-03,Sofia Müller,82924,Hanoi,Hanoi,Vietnam,First Class,5378.29,5787.93,0.075,434.09,24.45,5378.29,VI-2016-SO6530541-42002,"Steel File Cabinet, 3-Drawer",Storage,Office Supplies,OFF-ST-5950,6.0,360.2657,2161.59
20100,2025-06-29,Sofia Müller,21160,Valencia,Valencian Community,Spain,Second Class,218.88,181.82,0.1,18.18,55.24,218.88,SP-2016-SO7138070-48697,"Premium Sketch Paper Pad, A4 120gsm",Art,Office Supplies,OFF-AR-2676,1.0,14.2533,14.25
20095,2024-10-11,Elina Virtanen,30821,Hamburg,Hamburg,Germany,First Class,9466.41,9922.39,0.05,496.12,40.14,9466.41,GE-2015-EL6797629-49626,"USB-C Charger 65W, GaN",Accessories,Technology,TEC-AC-7131,6.0,50.6038,303.62
20114,2023-08-14,Aaron Bergman,89730,Hanoi,Hanoi,Vietnam,Second Class,605.09,628.08,0.1,62.81,39.82,605.09,VI-2012-AA3117143-44505,"Sticky Notes, 76x76mm (Pack of 12)",Paper,Office Supplies,OFF-PA-5631,2.0,14.9506,29.9
20235,2025-04-26,Sofia Müller,30379,Helsinki,Uusimaa,Finland,Standard Class,942.78,891.65,0.0,0.0,51.13,942.78,FI-2012-SO2638895-47161,"Archive Storage Box, Letter Size",Storage,Office Supplies,OFF-ST-2045,3.0,21.7789,65.34
20147,2023-09-28,Elina Virtanen,16171,Valencia,Valencian Community,Spain,Standard Class,975.26,995.1,0.075,74.63,54.79,975.26,SP-2012-EL3689594-44469,"Wireless Headset, Noise Cancelling",Accessories,Technology,TEC-AC-6327,2.0,94.8409,189.68
20176,2025-09-15,Daniel Romero,17852,Ho Chi Minh City,Ho Chi Minh,Vietnam,Second Class,964.75,1025.44,0.075,76.91,16.22,964.75,VI-2015-DA7972975-47933,"Wireless Mouse, Ergonomic",Accessories,Technology,TEC-AC-5895,2.0,22.1952,44.39
20148,2023-09-05,Nguyen Minh Anh,69131,San Francisco,California,United States,Standard Class,1057.36,1107.84,0.075,83.09,32.61,1057.36,UN-2012-NG7960815-40872,"Smartphone, 128GB (Midnight)",Phones,Office Supplies,TEC-PH-4937,1.0,783.2579,783.26
20142,2025-11-21,Nguyen Minh Anh,39694,Austin,Texas,United States,Second Class,3761.01,4640.83,0.2,928.17,48.35,3761.01,UN-2013-NG2294615-44846,"Smartphone, 256GB (Silver)",Phones,Technology,TEC-PH-7620,3.0,960.5668,2881.7
20132,2023-12-29,Nguyen Minh Anh,14738,Barcelona,Catalonia,Spain,Second Class,2506.49,2770.09,0.1,277.01,13.41,2506.49,SP-2014-NG4309671-42842,"Mechanical Keyboard, TKL",Accessories,Technology,TEC-AC-1417,5.0,179.6583,26.77
20191,2025-11-17,Nguyen Minh Anh,24156,Valencia,Valencian Community,Spain,Standard Class,1798.3,1843.04,0.05,92.15,47.41,1798.3,SP-2016-NG6007984-43684,"Bookshelf, Industrial Metal/Wood",Bookcases,Furniture,FUR-BO-7857,4.0,244.4858,977.94
20130,2025-03-12,Daniel Romero,67240,Da Nang,Da Nang,Vietnam,First Class,1559.05,1648.9,0.075,123.67,33.82,1559.05,VI-2013-DA8309439-49648,"Oak Bookcase, 5-Shelf",Bookcases,Furniture,FUR-BO-4111,3.0,499.6819,1499.05
20056,2024-07-20,Nguyen Minh Anh,12786,Berlin,Berlin,Germany,Second Class,3640.0,4269.07,0.15,640.36,11.29,3640.0,GE-2013-NG3117636-47758,"Dining Chair Set (2-Pack), Grey",Chairs,Furniture,FUR-CH-9759,5.0,241.3053,1206.53
20066,2024-06-16,Daniel Romero,20622,Barcelona,Catalonia,Spain,Standard Class,10172.99,10156.09,0.0,0.0,16.9,10172.99,SP-2012-DA9990305-43033,"USB-C Charger 65W, GaN",Accessories,Technology,TEC-AC-6873,6.0,31.5107,189.06
20025,2023-07-20,Mikko Laine,19022,Cologne,North Rhine-Westphalia,Germany,Second Class,6572.39,6535.55,0.0,0.0,36.84,6572.39,GE-2015-MI3011363-49333,"Executive Desk, L-Shape (Espresso)",Tables,Furniture,FUR-TA-3967,9999.0,318.3221,636.64
20002,2023-03-15,Sofia Müller,75492,Helsinki,Uusimaa,Finland,Standard Class,1778.27,2193.45,0.2,438.69,23.51,1778.27,FI-2014-SO3608513-43527,"Standing Desk Converter, 32in",Tables,Furniture,FUR-TA-5237,6.0,339.3922,2036.35
20027,2025-09-23,Aaron Bergman,19509,Austin,Texas,United States,First Class,2406.13,2654.9,0.1,265.49,16.72,2406.13,UN-2015-AA2677407-41200,"Executive Desk, L-Shape (Espresso)",Tables,Furniture,FUR-TA-6499,1.0,405.5775,405.58
20110,2024-07-27,Sofia Müller,24409,New York,New York,United States,First Class,2528.84,3100.6,0.2,620.12,48.36,2528.84,UN-2013-SO1249314-45869,"Dining Chair Set (2-Pack), Grey",Chairs,Furniture,FUR-CH-6031,4.0,217.6181,870.47
20203,2025-03-07,Nguyen Minh Anh,18257,Munich,Bavaria,Germany,First Class,282.02,258.69,0.075,19.4,42.73,282.02,GE-2015-NG6147356-42616,"A4 Lever-Arch Binder, 5cm Spine (Blue)",Binders,Office Supplies,OFF-BI-7089,2.0,7.8557,15.71
20084,2024-10-19,Elina Virtanen,45839,San Francisco,California,United States,Same Day,1044.26,1090.75,0.075,81.81,35.32,1044.26,UN-2015-EL8922533-43993,"Steel File Cabinet, 3-Drawer",Storage,Office Supplies,OFF-ST-2929,5.0,98.2502,491.25
20192,2024-12-10,David Philippe,55719,San Francisco,California,United States,Standard Class,5224.56,6105.51,0.15,915.83,34.88,5224.56,UN-2014-DA3044708-49395,"Wireless Headset, Noise Cancelling",Accessories,Technology,TEC-AC-2166,5.0,226.7795,1133.9
20102,2025-03-20,Daniel Romero,61717,Da Nang,Da Nang,Vietnam,First Class,6690.14,6998.03,0.05,349.9,42.01,6690.14,VI-2014-DA3073474-47451,"Desk Organizer Tray, Bamboo",Storage,Office Supplies,OFF-ST-2963,4.0,24.9548,99.82
20247,2024-05-04,David Philippe,48185,Da Nang,Da Nang,Vietnam,First Class,1895.3,2204.28,0.15,330.64,21.66,1895.3,VI-2015-DA9376917-42280,Gel Pen Set (12 colors),Art,Office Supplies,OFF-AR-1885,1.0,5.9231,5.92
20173,2024-11-11,Mikko Laine,42963,Madrid,Madrid,Spain,First Class,10827.75,12015.86,0.1,1201.59,13.48,10827.75,SP-2016-MI3829240-49696,"Side Table, Oak Round 45cm",Tables,Furniture,FUR-TA-6614,4.0,118.7832,475.13
20165,2023-10-20,Aisha Khan,20193,Madrid,Madrid,Spain,Same Day,3123.36,3103.96,,,19.4,3123.36,SP-2016-AI7492570-49202,Monitor 27in IPS,Accessories,Technology,TEC-AC-8496,1.0,228.5874,228.59
20144,2025-08-14,Aisha Khan,73952,Turku,Southwest Finland,Finland,Standard Class,1851.07,2256.13,0.2,451.23,46.17,1851.07,FI-2013-AI8452417-44668,"Wireless Mouse, Ergonomic",Accessories,Technology,TEC-AC-3954,1.0,45.1555,45.16
20011,2024-07-28,Elina Virtanen,11504,Da Nang,Da Nang,Vietnam,First Class,8961.84,8940.7,,,21.14,8961.84,VI-2016-EL5476583-45573,"Wireless Headset, Noise Cancelling",Accessories,Technology,TEC-AC-3897,3.0,173.2448,519.73
20212,2025-10-05,Elina Virtanen,65706,Munich,Bavaria,Germany,Same Day,1852.17,1935.41,0.05,96.77,13.53,1852.17,GE-2013-EL5152562-47546,"Modular Bookcase, Walnut (6-Cube)",Bookcases,Furniture,FUR-BO-8406,2.0,210.0344,420.07
20012,2023-03-08,Bruce Degenhardt,75613,San Francisco,California,United States,Second Class,9564.55,11905.51,0.2,2381.1,40.14,9564.55,UN-2016-BR2785277-44889,"Smartphone, 128GB (Midnight)",Phones,Technology,TEC-PH-3762,10.0,758.6902,7586.9
20113,2025-09-25,Aisha Khan,28072,Helsinki,Uusimaa,Finland,Same Day,1178.64,1226.44,0.075,91.98,44.18,1178.64,FI-2015-AI8151684-41768,"Archive Storage Box, Letter Size",Storage,Office Supplies,OFF-ST-2442,1.0,14.6751,14.68
20194,2024-04-18,Elina Virtanen,45537,Hanoi,Hanoi,Vietnam,Standard Class,2605.68,2587.34,0.0,0.0,18.34,2605.68,VI-2013-EL2832517-49614,"Wireless Headset, Noise Cancelling",Accessories,Technology,TEC-AC-8035,4.0,130.0953,520.38
20236,2025-05-22,Aaron Bergman,9942,Valencia,Valencian Community,Spain,Standard Class,3339.98,3478.48,0.05,173.92,35.42,3339.98,SP-2015-AA9230960-43737,"Archive Storage Box, Letter Size",Storage,Office Supplies,OFF-ST-7280,1.0,3.7168,3.72
20134,2024-11-11,Bruce Degenhardt,87518,Ho Chi Minh City,Ho Chi Minh,Vietnam,First Class,404.17,393.44,0.05,19.67,30.4,404.17,VI-2014-BR9511700-41215,"Side Table, Oak Round 45cm",Tables,Furniture,FUR-TA-7112,1.0,109.7406,109.74
20171,2024-03-08,Sofia Müller,36353,Madrid,Madrid,Spain,First Class,2853.19,2988.56,0.05,149.43,14.06,2853.19,SP-2012-SO9692311-42507,"Smartphone, 128GB (Midnight)",Phones,Technology,TEC-PH-9700,2.0,310.7497,621.5
20000,2024-09-15,Nguyen Minh Anh,39371,Berlin,Berlin,Germany,Second Class,3184.58,3435.49,0.075,257.66,6.75,3184.58,GE-2012-NG2458591-49674,"Modular Bookcase, Walnut (6-Cube)",Bookcases,Furniture,FUR-BO-5076,2.0,418.2156,836.43
20033,2023-12-30,Corey Catlett,36804,Tampere,Pirkanmaa,Finland,First Class,8259.55,8676.84,0.05,433.84,16.55,8259.55,FI-2014-CO7117837-40653,"Binder Clips, Medium (Box of 100)",Fasteners,Office Supplies,OFF-FA-6113,1.0,1.719,1.72
20043,2024-02-12,Daniel Romero,47196,Da Nang,Da Nang,Vietnam,Standard Class,812.47,763.11,0.0,0.0,49.36,812.47,VI-2012-DA4940441-45085,"Desk Organizer Tray, Bamboo",Storage,Office Supplies,OFF-ST-6015,1.0,10.0892,10.09
20217,2025-04-20,Elina Virtanen,28889,Valencia,Valencian Community,Spain,Same Day,1770.46,1771.33,0.075,132.85,15.11,1770.46,SP-2015-EL3503456-44913,"Oak Bookcase, 5-Shelf",Bookcases,Furniture,FUR-BO-5885,2.0,380.6076,761.22
20020,2023-07-04,Corey Catlett,54588,Berlin,Berlin,Germany,First Class,631.67,668.89,0.1,66.89,29.67,631.67,GE-2013-CO4214348-43116,"Desk Organizer Tray, Bamboo",Storage,Office Supplies,OFF-ST-9587,3.0,21.8773,65.63
20219,2023-12-01,Corey Catlett,51931,Tampere,Pirkanmaa,Finland,Standard Class,3173.0,3374.5,0.075,253.09,51.59,3173.0,FI-2013-CO6540893-41295,"USB-C Charger 65W, GaN",Accessories,Technology,TEC-AC-3192,3.0,69.7876,209.36
20159,2025-01-24,Sofia Müller,75038,Ho Chi Minh City,Ho Chi Minh,Vietnam,Same Day,1384.44,1718.62,0.2,343.72,9.54,1384.44,VI-2014-SO9712003-44369,"Archive Storage Box, Letter Size",Storage,Office Supplies,OFF-ST-6885,2.0,6.1328,12.27
20069,2025-11-06,David Philippe,30329,Barcelona,Catalonia,Spain,Second Class,2010.5,1960.28,,,50.22,2010.5,SP-2012-DA5235884-47827,"Tablet 10in, 64GB",Accessories,Technology,TEC-AC-7609,1.0,264.5148,264.51
20127,2025-07-30,Sofia Müller,26932,Da Nang,Da Nang,Vietnam,Same Day,891.23,933.78,0.1,93.38,50.83,891.23,VI-2016-SO4860617-48196,"Mechanical Keyboard, TKL",Accessories,Technology,TEC-AC-3149,2.0,144.1003,288.2
20009,2024-08-21,Mikko Laine,76255,Tampere,Pirkanmaa,Finland,Same Day,80.12,53.31,0.1,5.33,32.14,80.12,FI-2014-MI4679591-42266,"Copy Paper, A4 (500 sheets)",Paper,Office Supplies,OFF-PA-9267,1.0,4.4779,8.04
20032,2025-07-24,Elina Virtanen,21367,Tampere,Pirkanmaa,Finland,First Class,1757.93,1707.03,,,50.9,1757.93,FI-2012-EL3500715-48938,"Wireless Mouse, Ergonomic",Accessories,Technology,TEC-AC-1612,4.0,71.605,286.42
20124,2025-08-25,Corey Catlett,73771,Munich,Bavaria,Germany,Same Day,2263.66,2788.1,0.2,557.62,33.18,2263.66,GE-2015-CO5582979-43531,"Bookshelf, Industrial Metal/Wood",Bookcases,Furniture,FUR-BO-9761,10.0,113.706,1137.06
20248,2024-01-11,Corey Catlett,32707,Valencia,Valencian Community,Spain,First Class,827.12,857.0,0.075,64.27,34.39,827.12,SP-2015-CO9040224-49539,"Oak Bookcase, 5-Shelf",Bookcases,Furniture,FUR-BO-2771,1.0,201.2234,201.22
20131,2025-01-25,Nguyen Minh Anh,53655,Ho Chi Minh City,Ho Chi Minh,Vietnam,Second Class,3494.04,3845.54,0.1,384.55,33.05,3494.04,VI-2012-NG9564488-41868,"Executive Leather Chair, Black",Chairs,Furniture,FUR-CH-7828,5.0,453.7827,2268.91
20031,2025-07-16,Bruce Degenhardt,15893,Berlin,Berlin,Germany,First Class,2103.23,2057.46,0.0,0.0,45.77,2103.23,GE-2014-BR3194789-44291,"Stapler, Heavy Duty",Fasteners,Office Supplies,OFF-FA-5140,5.0,33.3729,166.86
20225,2024-07-17,David Philippe,82174,San Francisco,California,United States,Standard Class,2347.07,2521.97,0.075,189.15,14.25,2347.07,UN-2014-DA9197701-48037,"Side Table, Oak Round 45cm",Tables,Furniture,FUR-TA-1152,2.0,64.9828,129.97
20188,2025-04-18,Sofia Müller,51845,Tampere,Pirkanmaa,Finland,First Class,3972.31,3943.05,,,29.26,3972.31,FI-2016-SO2843740-43125,"Executive Leather Chair, Black",Chairs,Furniture,FUR-CH-9524,2.0,628.4144,1256.83
20119,2023-06-15,Bruce Degenhardt,88696,Da Nang,Da Nang,Vietnam,Standard Class,2026.86,2233.51,0.1,223.35,16.7,2026.86,VI-2014-BR2738129-49468,"Wireless Mouse, Ergonomic",Accessories,Technology,TEC-AC-3247,4.0,68.4844,273.94
20092,2024-02-05,Bruce Degenhardt,13909,Hamburg,Hamburg,Germany,First Class,3923.48,4103.01,0.05,205.15,25.62,3923.48,GE-2014-BR1941524-44806,"Executive Leather Chair, Black",Chairs,Furniture,FUR-CH-9381,10.0,264.7689,2647.69
20140,2025-02-15,,96105,Cologne,North Rhine-Westphalia,Germany,Same Day,4284.98,4732.51,0.1,473.25,25.72,4284.98,GE-2013-BR2421349-45072,"Executive Leather Chair, Black",Chairs,Furniture,FUR-CH-2741,5.0,323.0256,1615.13
20139,2025-01-05,Daniel Romero,44567,Madrid,Madrid,Spain,Same Day,2496.6,3104.16,0.2,620.83,13.27,2496.6,SP-2014-DA5227787-49874,"Side Table, Oak Round 45cm",Tables,Furniture,FUR-TA-5308,6.0,117.4464,704.68
20149,2023-08-16,Aaron Bergman,39431,San Francisco,California,United States,First Class,1223.53,1513.12,0.2,302.62,13.03,1223.53,UN-2014-AA2662338-45493,"Binder Clips, Medium (Box of 100)",Fasteners,Office Supplies,OFF-FA-7713,2.0,2.1226,4.25
20222,2024-04-23,Corey Catlett,41369,Hanoi,Hanoi,Vietnam,Standard Class,3322.67,3596.6,0.1,359.66,40.68,3322.67,VI-2014-CO7386444-47639,"Stapler, Heavy Duty",Fasteners,Office Supplies,OFF-FA-9132,2.0,32.84,65.68
20237,2024-03-16,Mikko Laine,59816,Ho Chi Minh City,Ho Chi Minh,Vietnam,First Class,675.79,784.41,0.15,117.66,9.04,675.79,VI-2016-MI5955645-44037,"Archive Storage Box, Letter Size",Storage,Office Supplies,OFF-ST-6416,2.0,3.052,6.1
20008,2024-12-05,Nguyen Minh Anh,85535,Tampere,Pirkanmaa,Finland,Same Day,8056.37,8037.81,0.0,0.0,18.56,8056.37,FI-2015-NG3396987-44339,"USB-C Charger 65W, GaN",Accessories,Technology,TEC-AC-2458,1.0,60.9378,60.94
20077,2024-07-26,Aisha Khan,13986,Valencia,Valencian Community,Spain,Second Class,430.74,470.59,0.1,47.06,7.21,430.74,SP-2016-AI1348050-44415,"USB-C Charger 65W, GaN",Accessories,Technology,TEC-AC-9095,1.0,67.2195,67.22
20108,2023-09-05,Nguyen Minh Anh,94224,Hamburg,Hamburg,Germany,First Class,2372.6,2324.32,0.0,0.0,48.28,2372.6,GE-2012-NG6595355-43990,"Smartphone, 128GB (Midnight)",Phones,Technology,TEC-PH-9383,1.0,734.1382,734.14
20097,2024-10-27,Bruce Degenhardt,9438,Valencia,Valencian Community,Spain,Same Day,3402.15,4199.29,0.2,839.86,42.72,3402.15,SP-2014-BR1135861-49272,"Executive Leather Chair, Black",Chairs,Furniture,FUR-CH-5192,2.0,508.8609,1017.72
20061,2025-11-16,David Philippe,36546,Valencia,Valencian Community,Spain,Standard Class,2963.05,3062.69,0.05,153.13,53.49,2963.05,SP-2014-DA5118725-41419,"Storage Ottoman, Fabric",Furnishings,Furniture,FUR-FU-5327,5.0,47.0112,235.06
20146,2025-12-25,Elina Virtanen,35438,Barcelona,Catalonia,Spain,Second Class,2940.06,2899.8,,,40.26,2940.06,SP-2013-EL3321942-44096,"Laptop 14in, 16GB RAM",Computers,Technology,TEC-CO-3862,1.0,1459.6363,1459.64
20162,2023-06-27,Daniel Romero,51987,Valencia,Valencian Community,Spain,Same Day,2409.09,2396.24,,,12.85,2409.09,SP-2014-DA9608154-42621,"Binder Clips, Medium (Box of 100)",Fasteners,Office Supplies,OFF-FA-6123,4.0,6.1698,24.68
20180,2023-04-18,Daniel Romero,33772,Barcelona,Catalonia,Spain,Same Day,3038.53,3190.37,0.05,159.52,7.68,3038.53,SP-2013-DA4609524-49557,"Executive Leather Chair, Black",Chairs,Furniture,FUR-CH-1751,1.0,793.4391,793.44
20185,2023-12-13,Aaron Bergman,61850,Tampere,Pirkanmaa,Finland,Second Class,1410.34,1449.94,0.05,72.5,32.9,1410.34,FI-2015-AA6020319-49727,"USB-C Charger 65W, GaN",Accessories,Technology,TEC-AC-3793,3.0,34.664,103.99
20104,2025-10-07,Bruce Degenhardt,95098,Seattle,Washington,United States,Same Day,6338.71,6316.97,,,21.74,6338.71,UN-2012-BR3345069-40742,"Steel File Cabinet, 3-Drawer",Storage,Office Supplies,OFF-ST-5395,1.0,206.6915,206.69
20158,2025-03-02,Aisha Khan,95949,Austin,Texas,United States,Standard Class,1078.18,1070.52,0.075,80.29,53.92,1078.18,UN-2014-AI3088344-46029,"A4 Lever-Arch Binder, 5cm Spine (Blue)",Binders,Office Supplies,OFF-BI-3996,1.0,6.0078,6.01
20051,2023-04-11,Mikko Laine,69957,Tampere,Pirkanmaa,Finland,Same Day,5044.57,6272.65,0.2,1254.53,26.45,5044.57,FI-2012-MI6901533-44892,"Steel File Cabinet, 3-Drawer",Storage,Office Supplies,OFF-ST-5453,4.0,314.5668,1258.27
20111,2023-04-03,Sofia Müller,54882,Helsinki,Uusimaa,Finland,First Class,834.11,788.1,,,46.01,834.11,FI-2013-SO8062546-48619,"Archive Storage Box, Letter Size",Storage,Office Supplies,OFF-ST-7909,1.0,5.1481,5.15
20019,2024-03-25,Daniel Romero,22704,Ho Chi Minh City,Ho Chi Minh,Vietnam,Same Day,2825.78,2998.13,0.075,224.86,52.51,2825.78,VI-2014-DA8106470-46735,"Wireless Mouse, Ergonomic",Accessories,Technology,TEC-AC-1960,1.0,19.0525,19.05
20126,2023-03-17,Nguyen Minh Anh,59607,Turku,Southwest Finland,Finland,Second Class,6015.22,6319.6,9.99,315.98,11.6,6015.22,FI-2013-NG5286905-44742,"Tablet 10in, 64GB",Accessories,Technology,TEC-AC-8908,10.0,431.0055,45.24
20041,2025-07-10,Corey Catlett,98778,New York,New York,123,Second Class,5160.81,5677.73,0.1,567.77,50.85,5160.81,UN-2016-CO6049101-46653,"Executive Desk, L-Shape (Espresso)",Tables,Furniture,FUR-TA-7221,3.0,677.9509,2033.85
20094,2024-07-07,David Philippe,96535,Tampere,Pirkanmaa,Finland,Second Class,1997.25,2138.6,0.075,160.39,19.04,1997.25,FI-2013-DA8736811-44161,"Laptop Docking Station, USB-C",Accessories,Technology,TEC-AC-3140,5.0,246.4677,1232.34
20182,2023-06-02,Corey Catlett,16705,Ho Chi Minh City,Ho Chi Minh,Vietnam,Second Class,1054.7,1104.83,0.075,82.86,32.73,1054.7,VI-2014-CO5841933-41204,"Executive Leather Chair, Black",Chairs,Furniture,FUR-CH-7738,9999.0,213.1001,1065.5
20013,2024-01-09,Aaron Bergman,41274,Turku,Southwest Finland,Finland,First Class,492.03,480.88,,,11.15,492.03,FI-2016-AA6438436-48005,"Bookshelf, Industrial Metal/Wood",Bookcases,Furniture,FUR-BO-6148,1.0,366.2587,366.26
20096,2024-07-26,David Philippe,49599,Da Nang,Da Nang,Vietnam,Second Class,2670.87,2644.89,0.0,0.0,-12.34,2670.87,VI-2015-DA9106886-41747,"USB-C Charger 65W, GaN",Accessories,Technology,TEC-AC-9598,10.0,54.8075,548.08
20070,2023-07-31,Mikko Laine,17026,Ho Chi Minh City,Ho Chi Minh,Vietnam,Second Class,4116.43,4104.92,0.0,0.0,11.51,4116.43,VI-2013-MI6097514-41395,"Dining Chair Set (2-Pack), Grey",Chairs,Furniture,FUR-CH-6542,6.0,164.6206,987.72
20046,2023-06-12,Elina Virtanen,52762,Helsinki,Uusimaa,Finland,First Class,300.9,313.75,0.15,47.06,34.21,300.9,FI-2015-EL3237058-47612,"Wireless Mouse, Ergonomic",Accessories,Technology,TEC-AC-2560,4.0,56.9965,227.99
20055,2025-07-12,,20735,Ho Chi Minh City,Ho Chi Minh,Vietnam,Same Day,1494.95,1454.19,0.0,0.0,40.76,1494.95,VI-2012-BR1873851-45733,"Dining Chair Set (2-Pack), Grey",Chairs,Furniture,FUR-CH-8895,3.0,192.7421,578.23
20238,2025-04-18,Sofia Müller,33535,Madrid,Madrid,Spain,Standard Class,752.65,695.79,,,56.86,752.65,GE-2013-EL5152562-47546,"Wireless Headset, Noise Cancelling",Accessories,Technology,TEC-AC-7305,1.0,216.1969,216.2
20048,2024-07-20,Bruce Degenhardt,78327,Ho Chi Minh City,Ho Chi Minh,Vietnam,Same Day,626.71,582.47,,,44.24,626.71,VI-2013-BR5606980-47206,"Stapler, Heavy Duty",Fasteners,Office Supplies,OFF-FA-1894,1.0,31.0925,31.09
20170,2025-06-17,Mikko Laine,29766,Helsinki,Uusimaa,Finland,Second Class,5147.23,5518.72,0.075,413.9,42.41,5147.23,FI-2014-MI2244282-47372,"Executive Desk, L-Shape (Espresso)",Tables,Furniture,FUR-TA-9283,5.0,846.3098,4231.55
20060,2023-10-04,Corey Catlett,57472,Ho Chi Minh City,Ho Chi Minh,Vietnam,Same Day,4610.79,5384.81,0.15,807.72,33.7,4610.79,VI-2013-CO8306261-42885,"Laptop Docking Station, USB-C",Accessories,Technology,TEC-AC-3709,1.0,217.7431,217.74
20098,2024-10-08,Nguyen Minh Anh,89684,Hamburg,Hamburg,Germany,Standard Class,1320.18,1498.38,0.15,224.76,46.56,1320.18,GE-2013-NG4189885-44106,"A4 Lever-Arch Binder, 5cm Spine (Blue)",Binders,Office Supplies,OFF-BI-4946,3.0,11.7015,35.1
20085,2026-01-05,Sofia Müller,19150,Hanoi,Hanoi,Vietnam,Standard Class,3545.45,3679.28,0.05,183.96,50.13,3545.45,VI-2015-SO6702160-48318,"Oak Bookcase, 5-Shelf",Bookcases,Furniture,FUR-BO-9305,2.0,422.2181,844.44
20218,2024-07-07,Nguyen Minh Anh,59518,Helsinki,Uusimaa,Finland,Second Class,1045.36,1002.87,0.075,75.22,58.23,1045.36,FI-2015-NG1966769-49214,"Premium Sketch Paper Pad, A4 120gsm",Art,Office Supplies,OFF-AR-7607,2.0,4.7343,9.47
20211,2025-02-11,Daniel Romero,43492,Turku,Southwest Finland,Finland,Same Day,2964.19,3698.75,0.2,739.75,5.19,2964.19,FI-2016-DA3136529-43648,"Steel File Cabinet, 3-Drawer",Storage,Office Supplies,OFF-ST-8341,1.0,371.2403,371.24
20202,2024-08-17,Corey Catlett,40871,Seattle,Washington,United States,Same Day,6935.9,7656.82,0.1,765.68,44.76,6935.9,UN-2014-CO6530194-44947,"Steel File Cabinet, 3-Drawer",Storage,Office Supplies,OFF-ST-6178,1.0,413.4281,413.43
20086,2024-11-02,Mikko Laine,46006,Valencia,Valencian Community,Spain,Same Day,1627.8,1733.86,0.075,130.04,23.98,1627.8,SP-2013-MI8491822-48824,"Mechanical Keyboard, TKL",Accessories,Technology,TEC-AC-1291,1.0,99.4644,47.81
20199,2025-12-28,David Philippe,45761,Hanoi,Hanoi,Vietnam,Second Class,1361.38,1566.05,0.15,234.91,30.24,1361.38,VI-2012-DA6547958-42662,"Oak Bookcase, 5-Shelf",Bookcases,Furniture,FUR-BO-9996,1.0,543.3999,543.4
20174,2025-01-21,Mikko Laine,25499,Tampere,Pirkanmaa,Finland,First Class,6799.88,7114.81,0.05,355.74,40.81,6799.88,FI-2012-MI1762722-49449,"Smartphone, 256GB (Silver)",Phones,Technology,TEC-PH-5990,6.0,871.7494,5230.5
20058,2025-04-08,Corey Catlett,20998,Valencia,Valencian Community,Spain,First Class,1576.77,1799.15,0.15,269.87,47.49,1576.77,SP-2016-CO5074336-41669,"Wireless Headset, Noise Cancelling",Accessories,Technology,TEC-AC-8474,3.0,116.3019,348.91
20078,2026-01-27,David Philippe,46459,San Francisco,California,United States,Second Class,4624.47,4593.62,,,30.85,4624.47,UN-2016-DA8312936-48056,"Oak Bookcase, 5-Shelf",Bookcases,Furniture,FUR-BO-4652,5.0,326.068,1630.34
20136,2024-03-21,Aaron Bergman,89414,Hamburg,Hamburg,Germany,Same Day,3073.21,3310.83,0.075,248.31,10.69,3073.21,GE-2016-AA3531028-41013,"Smartphone, 128GB (Midnight)",Phones,Technology,TEC-PH-8751,3.0,729.5481,2188.64
20107,2025-08-28,Nguyen Minh Anh,57538,San Francisco,California,United States,First Class,740.53,778.77,0.075,58.41,20.17,740.53,UN-2014-NG7017548-40992,"Executive Leather Chair, Black",Chairs,Furniture,FUR-CH-2596,2.0,181.5818,363.16
20074,2024-06-22,Bruce Degenhardt,87304,Hanoi,Hanoi,Vietnam,Second Class,1403.21,1362.59,0.0,0.0,40.62,1403.21,VI-2015-BR2925626-48922,"Binder Clips, Medium (Box of 100)",Fasteners,Office Supplies,OFF-FA-5783,6.0,4.6539,27.92
20035,2024-07-22,Bruce Degenhardt,18434,Barcelona,Catalonia,Spain,First Class,142.04,126.06,0.0,0.0,15.98,142.04,SP-2015-BR1649691-47711,"Wireless Mouse, Ergonomic",Accessories,Technology,TEC-AC-2741,1.0,72.9876,72.99
20004,2024-10-22,Mikko Laine,57400,Hanoi,Hanoi,Vietnam,Second Class,496.8,594.85,0.2,118.97,20.92,496.8,VI-2012-MI1768805-43733,"Archive Storage Box, Letter Size",Storage,Office Supplies,OFF-ST-3301,4.0,5.0323,20.13
20037,2026-01-08,Corey Catlett,43142,Barcelona,Catalonia,Spain,Standard Class,1515.15,1478.22,0.0,0.0,36.93,1515.15,SP-2012-CO2935113-44279,"Sticky Notes, 76x76mm (Pack of 12)",Paper,Office Supplies,OFF-PA-4209,2.0,5.9319,11.86
20028,2025-02-13,Daniel Romero,24010,Madrid,Madrid,Spain,Standard Class,1573.49,1923.26,0.2,384.65,34.88,1573.49,SP-2014-DA3646552-47179,"Laptop Docking Station, USB-C",Accessories,Technology,TEC-AC-7437,2.0,167.6978,335.4
20003,2023-09-16,Aaron Bergman,55197,Hamburg,Hamburg,Germany,Standard Class,1781.56,1723.04,,,58.52,1781.56,GE-2012-AA8707870-48785,"Smartphone, 256GB (Silver)",Phones,Technology,TEC-PH-4122,3.0,530.8243,1592.47
20072,2023-09-21,Nguyen Minh Anh,47759,Turku,Southwest Finland,Finland,Standard Class,4082.53,4047.17,0.0,0.0,35.36,4082.53,FI-2012-NG3634980-43929,Gel Pen Set (12 colors),Art,Office Supplies,OFF-AR-1761,10.0,5.7251,57.25
20010,2024-01-09,Sofia Müller,99307,Berlin,Berlin,Germany,Same Day,4456.32,4776.81,0.075,358.26,37.77,4456.32,GE-2016-SO2065818-46304,Monitor 27in IPS,Accessories,Technology,TEC-AC-8381,5.0,324.3679,1621.84
20244,2025-04-18,Aaron Bergman,67700,Ho Chi Minh City,Ho Chi Minh,Vietnam,Standard Class,262.23,235.84,0.05,11.79,38.18,262.23,VI-2015-AA3283789-44922,"Desk Organizer Tray, Bamboo",Chairs,Technology,OFF-ST-3205,5.0,8.1388,40.69
20105,2023-09-17,Nguyen Minh Anh,80457,Hanoi,Hanoi,Vietnam,Second Class,1195.51,1339.16,0.15,200.87,57.22,1195.51,VI-2015-NG8610879-46078,"Mechanical Keyboard, TKL",Accessories,Technology,TEC-AC-1795,6.0,171.2666,1027.6
20227,2023-03-15,Corey Catlett,28136,Berlin,Berlin,Germany,Second Class,9893.89,9861.07,0.0,0.0,32.82,9893.89,GE-2012-CO3533857-40149,"Laptop 14in, 16GB RAM",Computers,Technology,TEC-CO-8912,6.0,1392.0274,8352.16
20241,2024-07-11,Mikko Laine,78302,Hanoi,Hanoi,Vietnam,Second Class,2920.73,3034.29,0.05,151.71,21.56,2920.73,VI-2015-MI3843767-42274,"Tablet 10in, 64GB",Accessories,Technology,TEC-AC-3903,10.0,244.2506,2442.51
20091,2023-05-14,Mikko Laine,18968,Da Nang,Da Nang,Vietnam,Second Class,11063.92,11897.42,0.075,892.31,58.81,11063.92,VI-2014-MI4816586-41480,"Laptop 14in, 16GB RAM",Computers,Technology,TEC-CO-3103,1.0,1018.0353,1018.04
20153,2024-07-06,Mikko Laine,74700,Helsinki,Uusimaa,Finland,Second Class,4509.48,4452.04,,,57.44,4509.48,FI-2012-MI9782613-45908,"Sticky Notes, 76x76mm (Pack of 12)",Paper,Office Supplies,OFF-PA-6273,6.0,18.1022,108.61
20063,2024-09-24,Mikko Laine,26106,Barcelona,Catalonia,Spain,First Class,1975.98,1931.38,0.0,0.0,44.6,1975.98,SP-2016-MI4205394-41402,Gel Pen Set (12 colors),Art,Office Supplies,OFF-AR-5067,2.0,99999.9999,19.14
20145,2026-02-27,Nguyen Minh Anh,50562,Hanoi,Hanoi,Vietnam,Same Day,1742.11,1850.51,0.075,138.79,30.39,1742.11,VI-2013-NG7171347-49345,"A4 Lever-Arch Binder, 5cm Spine (Blue)",Binders,Office Supplies,OFF-BI-5819,5.0,10.048,50.24
20064,2024-07-06,David Philippe,74332,Da Nang,Da Nang,Vietnam,Same Day,7164.96,7137.72,0.0,0.0,27.24,7164.96,VI-2012-DA2561176-44820,"Standing Desk Converter, 32in",Tables,Furniture,FUR-TA-7762,10.0,318.0049,3180.05
20169,2025-10-14,Elina Virtanen,37109,Helsinki,Uusimaa,Finland,First Class,2878.63,3334.22,0.15,500.13,44.54,2878.63,FI-2012-EL6189037-46523,"Mechanical Keyboard, TKL",Accessories,Technology,TEC-AC-9393,2.0,158.815,317.63
20195,2024-06-20,Aisha Khan,33233,Turku,Southwest Finland,Finland,Same Day,1124.33,1266.99,0.15,190.05,47.39,1124.33,FI-2014-AI8925622-41647,"Stapler, Heavy Duty",Fasteners,Office Supplies,OFF-FA-6143,6.0,30.6707,184.02
20196,2025-06-12,David Philippe,72695,Cologne,North Rhine-Westphalia,Germany,Second Class,1375.36,1608.36,0.15,241.25,8.25,1375.36,GE-2014-DA6388299-44676,"Side Table, Oak Round 45cm",Tables,Furniture,FUR-TA-4435,10.0,92.8665,928.67
20230,2025-02-24,,62023,Austin,Texas,United States,First Class,790.62,858.04,0.1,85.8,18.38,790.62,UN-2014-BR7812009-47520,"USB-C Charger 65W, GaN",Accessories,Technology,TEC-AC-6657,1.0,68.9735,68.97
20183,2023-10-31,Sofia Müller,32772,Helsinki,Uusimaa,Finland,Same Day,4909.25,5118.66,0.05,255.93,46.52,4909.25,GE-2013-EL5152562-47546,"Wireless Headset, Noise Cancelling",Accessories,Technology,TEC-AC-3913,6.0,153.9232,923.54
20155,2023-07-18,Aaron Bergman,41719,Munich,Bavaria,Germany,First Class,2201.44,2177.06,,,24.38,2201.44,GE-2016-AA6578736-42185,"Wireless Headset, Noise Cancelling",Accessories,Technology,TEC-AC-6281,1.0,199.7628,199.76
20045,2025-05-28,Nguyen Minh Anh,29342,Ho Chi Minh City,Ho Chi Minh,Vietnam,First Class,1647.6,1598.37,0.0,0.0,49.23,1647.6,VI-2012-NG8132769-43585,"Stapler, Heavy Duty",Fasteners,Office Supplies,OFF-FA-8870,10.0,28.2549,282.55
20215,2025-12-27,Bruce Degenhardt,40807,Cologne,North Rhine-Westphalia,Germany,Standard Class,5198.42,5416.03,0.05,270.8,53.19,5198.42,GE-2016-BR6379867-43881,"USB-C Charger 65W, GaN",Accessories,Technology,TEC-AC-7839,6.0,30.726,184.36
20205,2025-06-30,Elina Virtanen,81812,Helsinki,Uusimaa,Finland,Second Class,1140.68,1196.36,0.075,89.73,34.05,1140.68,FI-2013-EL2373555-48609,"Laptop Docking Station, USB-C",Accessories,Technology,TEC-AC-7920,1.0,178.8641,178.86
20057,2024-08-07,Aaron Bergman,ABCDE,San Francisco,California,United States,First Class,1013.04,1118.48,0.1,111.85,6.41,1013.04,UN-2013-AA6218367-41771,"Modular Bookcase, Walnut (6-Cube)",Bookcases,Furniture,FUR-BO-7240,1.0,142.8179,142.82
20175,2023-05-03,David Philippe,91609,Helsinki,Uusimaa,Finland,Standard Class,2321.35,2839.94,0.2,567.99,49.4,2321.35,FI-2014-DA9102469-44012,"Oak Bookcase, 5-Shelf",Bookcases,Furniture,FUR-BO-4275,2.0,510.0814,1020.16
20164,2025-09-08,Aaron Bergman,58875,Cologne,North Rhine-Westphalia,Germany,Same Day,4499.96,4708.49,0.05,235.42,26.89,4499.96,GE-2012-AA3310140-48674,"Executive Desk, L-Shape (Espresso)",Tables,Furniture,FUR-TA-5695,2.0,352.4999,705.0
20226,2023-12-13,Elina Virtanen,40003,Madrid,Madrid,Spain,Second Class,1139.29,1088.14,,,51.15,1139.29,SP-2016-EL1985360-48584,"Oak Bookcase, 5-Shelf",Bookcases,Furniture,FUR-BO-5835,2.0,511.5813,1023.16
20207,2024-04-25,Mikko Laine,74071,Hanoi,Hanoi,Vietnam,First Class,3008.96,3239.68,0.075,242.98,12.26,3008.96,VI-2016-MI8473959-40911,"Oak Bookcase, 5-Shelf",Bookcases,Furniture,FUR-BO-6876,5.0,225.0912,1125.46
20168,2026-01-06,Nguyen Minh Anh,25908,Austin,Texas,United States,Second Class,6481.92,6457.07,,,24.85,6481.92,UN-2013-NG4971774-48094,"Laptop Docking Station, USB-C",Accessories,Technology,TEC-AC-4675,6.0,156.1107,936.66
20129,2026-03-22,Bruce Degenhardt,25096,Da Nang,Da Nang,Vietnam,Same Day,235.26,222.68,0.2,44.54,57.12,235.26,VI-2012-BR6448705-42815,"Desk Organizer Tray, Bamboo",Storage,Office Supplies,OFF-ST-5712,1.0,37.6475,37.65
20152,2023-07-08,Daniel Romero,85613,Helsinki,Uusimaa,Finland,First Class,1043.87,1068.7,0.05,53.44,28.61,1043.87,FI-2016-DA5059048-42352,"Premium Sketch Paper Pad, A4 120gsm",Art,Office Supplies,OFF-AR-7825,3.0,24.2483,72.74
20022,2024-06-28,Sofia Müller,63384,Berlin,Berlin,Germany,Same Day,869.03,854.97,,,14.06,869.03,GE-2015-SO4586084-46570,"Oak Bookcase, 5-Shelf",Bookcases,Furniture,FUR-BO-1212,2.0,269.3584,538.72
20082,2023-11-25,Bruce Degenhardt,36713,Valencia,Valencian Community,Spain,Same Day,1481.38,1829.03,0.2,365.81,18.16,1481.38,SP-2012-BR1484348-49975,"Laptop Docking Station, USB-C",Accessories,Technology,TEC-AC-8259,2.0,244.9527,489.91
20120,2023-10-09,Aaron Bergman,82910,Hanoi,Hanoi,Vietnam,Standard Class,2448.94,2399.54,0.0,0.0,49.4,2448.94,VI-2012-AA5673599-49406,"Wireless Mouse, Ergonomic",Accessories,Technology,TEC-AC-7025,10.0,49.1698,491.7
20068,2024-09-13,Aisha Khan,17261,Cologne,North Rhine-Westphalia,Germany,Standard Class,369.43,454.7,0.2,90.94,5.67,369.43,GE-2013-AI9235577-41680,"Sticky Notes, 76x76mm (Pack of 12)",Paper,Office Supplies,OFF-PA-4218,2.0,8.7068,17.41
20233,2024-09-07,Aisha Khan,29844,Helsinki,Uusimaa,Finland,Standard Class,1988.8,2458.12,0.2,491.62,22.3,1988.8,FI-2016-AI1552000-42938,"Executive Desk, L-Shape (Espresso)",Tables,Furniture,FUR-TA-2220,1.0,923.7327,923.73
20179,2024-07-22,Sofia Müller,63017,Helsinki,Uusimaa,Finland,Standard Class,2291.87,2512.44,0.1,251.24,30.67,2291.87,FI-2013-SO3673322-48163,"Mechanical Keyboard, TKL",Accessories,Technology,TEC-AC-9418,1.0,95.9218,95.92
20122,2025-05-30,Daniel Romero,28596,New York,New York,United States,First Class,654.29,676.97,0.075,50.77,28.09,654.29,UN-2012-DA9900022-43524,Gel Pen Set (12 colors),Art,Office Supplies,OFF-AR-5572,6.0,7.6994,46.2
20154,2026-01-04,Elina Virtanen,22765,Tampere,Pirkanmaa,Finland,Same Day,1293.48,1341.61,0.05,67.08,18.95,1293.48,FI-2015-EL1730386-46338,"Executive Desk, L-Shape (Espresso)",Phones,Technology,FUR-TA-5178,1.0,481.394,481.39
20193,2023-12-26,Bruce Degenhardt,15513,Ho Chi Minh City,Ho Chi Minh,Vietnam,Standard Class,3137.81,3669.07,0.15,550.36,19.1,3137.81,VI-2012-BR6811015-47247,"Wireless Mouse, Ergonomic",Accessories,Technology,TEC-AC-3536,1.0,22.4518,22.45
20073,2025-06-15,David Philippe,87833,Seattle,Washington,United States,Same Day,837.83,835.74,0.05,41.79,43.88,837.83,UN-2014-DA1547605-43792,"A4 Lever-Arch Binder, 5cm Spine (Blue)",Binders,Office Supplies,OFF-BI-1833,10.0,10.4314,104.31
20190,2025-04-11,Aaron Bergman,32699,Da Nang,Da Nang,Vietnam,Same Day,2273.34,2348.6,0.05,117.43,42.17,2273.34,VI-2016-AA6743294-48950,"Storage Ottoman, Fabric",Furnishings,Furniture,FUR-FU-9037,10.0,117.0224,1170.22
20234,2025-05-25,Daniel Romero,49227,New York,New York,United States,Second Class,2812.64,3451.15,0.2,690.23,51.72,2812.64,UN-2016-DA5034453-49284,"Ergonomic Task Chair, Mesh Back",Chairs,Furniture,FUR-CH-6207,6.0,147.1901,883.14
20053,2024-02-03,David Philippe,26728,Da Nang,Da Nang,Vietnam,First Class,11619.48,13636.37,0.15,2045.46,28.57,11619.48,VI-2015-DA1454696-41375,"Executive Desk, L-Shape (Espresso)",Tables,Furniture,FUR-TA-9529,1.0,800.3808,800.38
20049,2025-01-17,Aaron Bergman,80799,Austin,Texas,United States,First Class,6513.8,6995.28,0.075,524.65,43.17,6513.8,UN-2013-AA3530518-43788,"Executive Desk, L-Shape (Espresso)",Tables,Furniture,FUR-TA-7814,6.0,625.9252,3755.55
20065,2025-03-26,David Philippe,82545,Austin,Texas,United States,Standard Class,955.97,1089.42,0.15,163.41,29.96,955.97,UN-2015-DA6549757-45764,"Ergonomic Task Chair, Mesh Back",Chairs,Furniture,FUR-CH-6724,2.0,319.6832,639.37
20018,2026-01-17,Nguyen Minh Anh,26251,Madrid,Madrid,Spain,Same Day,1800.35,1965.95,0.1,196.6,31.0,1800.35,SP-2013-NG3219824-49355,"USB-C Charger 65W, GaN",Accessories,Technology,TEC-AC-6437,3.0,34.8439,104.53
20216,2025-06-25,Bruce Degenhardt,56164,Turku,Southwest Finland,Finland,First Class,1779.45,1941.32,0.1,194.13,32.26,1779.45,FI-2016-BR3938247-46999,"Side Table, Oak Round 45cm",Tables,Furniture,FUR-TA-9691,5.0,119.68,598.4
20220,2023-06-15,Bruce Degenhardt,59551,Cologne,North Rhine-Westphalia,Germany,First Class,5495.42,6415.87,0.15,962.38,41.93,5495.42,GE-2012-BR4156856-49626,"Laptop 14in, 16GB RAM",Computers,Technology,TEC-CO-1144,1.0,1285.4915,1285.49
20023,2024-08-26,David Philippe,47503,Hamburg,Hamburg,Germany,Same Day,4915.6,4894.28,0.0,0.0,21.32,4915.6,GE-2016-DA9164991-42536,"Steel File Cabinet, 3-Drawer",Storage,Office Supplies,OFF-ST-4937,10.0,392.3265,3923.27
20014,2024-07-04,Aisha Khan,23786,Barcelona,Catalonia,Spain,First Class,2209.86,2719.45,0.2,543.89,34.3,2209.86,SP-2012-AI9153566-41133,"Dining Chair Set (2-Pack), Grey",Chairs,Furniture,FUR-CH-1653,3.0,136.2745,408.82
20039,2024-08-04,Aisha Khan,77254,Turku,Southwest Finland,Finland,First Class,6791.6,7332.7,0.075,549.95,8.85,6791.6,FI-2016-AI4305700-45967,"Smartphone, 256GB (Silver)",Phones,Technology,FUR-BO-99999,4.0,642.4429,2569.77
20030,2024-09-09,Bruce Degenhardt,99376,Turku,Southwest Finland,Finland,Second Class,3336.45,3671.76,0.1,367.18,31.87,3336.45,FI-2014-BR4415796-44325,"Mechanical Keyboard, TKL",Accessories,Technology,OFF__ST__1234,1.0,168.0304,168.03
20015,2025-10-30,Elina Virtanen,31644,New York,New York,United States,Standard Class,8011.73,8850.21,0.1,885.02,46.54,8011.73,UN-2016-EL8099076-43470,"Laptop 14in, 16GB RAM",Computers,Technology,TEC-CO-7143,6.0,1412.6759,8476.06
20138,2025-03-16,Aaron Bergman,57179,Turku,Southwest Finland,Finland,Same Day,522.43,474.02,,,48.41,522.43,FI-2015-AA6676858-49795,"Steel File Cabinet, 3-Drawer",Storage,Office Supplies,OFF-ST-8975,1.0,180.7875,180.79
20034,2025-02-23,Elina Virtanen,63265,Seattle,Washington,United States,Second Class,7905.04,8539.11,0.075,640.43,6.36,7905.04,UN-2013-EL3726327-42900,"Wireless Headset, Noise Cancelling",Accessories,Technology,TEC-AC-4154,3.0,147.9179,443.75
20210,2023-12-04,Corey Catlett,59081,Hanoi,Hanoi,Vietnam,Same Day,4738.99,4696.44,,,42.55,4738.99,VI-2015-CO7333337-46154,"Executive Leather Chair, Black",Chairs,Furniture,FUR-CH-3742,6.0,563.9082,3383.45
20189,2025-06-24,Nguyen Minh Anh,63788,Hanoi,Hanoi,Vietnam,Same Day,2720.95,2685.1,0.0,0.0,35.85,2720.95,VI-2012-NG3316639-48498,"Wireless Headset, Noise Cancelling",Accessories,Technology,TEC-AC-2072,2.0,180.7704,8.77
20177,2026-04-09,Aaron Bergman,65368,Turku,Southwest Finland,Finland,Same Day,3453.3,3824.96,0.1,382.5,10.84,3453.3,FI-2013-AA7216632-48437,"Smartphone, 128GB (Midnight)",Phones,Technology,TEC-PH-4492,4.0,801.399,3205.6
20187,2024-11-21,Aisha Khan,88238,Da Nang,Da Nang,Vietnam,Same Day,3742.02,4122.89,0.1,412.29,31.42,3742.02,VI-2014-AI4817541-40841,"Side Table, Oak Round 45cm",Tables,Furniture,FUR-TA-9810,4.0,86.4233,345.69
20090,2025-10-18,Bruce Degenhardt,54376,Seattle,Washington,United States,Same Day,663.68,655.35,0.075,49.15,57.48,663.68,UN-2012-BR6512415-48742,"Ergonomic Task Chair, Mesh Back",Chairs,Furniture,FUR-CH-3519,1.0,209.3986,209.4
20198,2023-03-20,Bruce Degenhardt,45222,Madrid,Madrid,Spain,First Class,745.8,836.38,0.15,125.46,34.88,745.8,SP-2014-BR5774152-47444,"A4 Lever-Arch Binder, 5cm Spine (Blue)",Binders,Office Supplies,OFF-BI-1620,1.0,2.7325,2.73
20231,2023-08-14,Aisha Khan,22256,Austin,Texas,United States,Same Day,3574.49,3855.57,0.075,289.17,8.09,3574.49,UN-2015-AI7327855-49055,"Executive Desk, L-Shape (Espresso)",Tables,Furniture,FUR-TA-5127,6.0,299.3095,1795.86
20224,2024-05-28,Sofia Müller,12125,Hanoi,Hanoi,Vietnam,Standard Class,2701.51,2685.72,0.0,0.0,15.79,2701.51,VI-2016-SO8005797-44836,"Laptop 14in, 16GB RAM",Computers,Technology,TEC-CO-4729,2.0,1037.2511,2074.5
20156,2024-02-23,David Philippe,39362,Valencia,Valencian Community,Spain,Second Class,1019.07,997.93,,,21.14,1019.07,SP-2013-DA2058651-47498,"Steel File Cabinet, 3-Drawer",Storage,Office Supplies,OFF-ST-7626,4.0,187.5774,750.31
20080,2025-09-18,Daniel Romero,61324,Turku,Southwest Finland,Finland,Standard Class,1126.21,1366.14,0.2,273.23,33.3,1126.21,FI-2014-DA2944841-46622,"Premium Sketch Paper Pad, A4 120gsm",Art,Office Supplies,OFF-AR-2938,6.0,3.1298,18.78
20135,2025-03-26,Bruce Degenhardt,20172,Berlin,Berlin,Germany,First Class,6442.57,6925.03,0.075,519.38,36.92,6442.57,GE-2016-BR9507186-46299,"Mechanical Keyboard, TKL",Accessories,Technology,TEC-AC-2036,10.0,51.1448,511.45
20125,2023-10-15,Bruce Degenhardt,46872,Barcelona,Catalonia,Spain,Same Day,2266.66,2239.92,0.0,0.0,26.74,2266.66,SP-2016-BR6174418-40744,"Laptop Docking Station, USB-C",Accessories,Technology,TEC-AC-2189,3.0,247.7681,743.3
20067,2026-02-08,Mikko Laine,47093,Ho Chi Minh City,Ho Chi Minh,Vietnam,First Class,8444.63,8873.43,0.05,443.67,14.87,8444.63,VI-2013-MI5970190-43727,"Executive Leather Chair, Black",Chairs,Furniture,FUR-CH-5748,2.0,616.7274,1233.45
20208,2023-06-28,Elina Virtanen,70604,Ho Chi Minh City,Ho Chi Minh,Vietnam,Standard Class,418.3,516.41,0.2,103.28,5.17,418.3,VI-2012-EL7642917-44169,"Storage Ottoman, Fabric",Furnishings,Furniture,FURBO5779,4.0,95.3159,381.26
20117,2024-12-01,Bruce Degenhardt,32531,Barcelona,Catalonia,Spain,Second Class,1828.5,2273.5,0.2,454.7,9.7,1828.5,SP-2015-BR2126310-41494,"USB-C Charger 65W, GaN",Accessories,Technology,TEC-AC-1504,5.0,23.5978,117.99
20160,2025-07-30,Mikko Laine,33652,Hanoi,Hanoi,Vietnam,Standard Class,2749.32,2850.5,0.05,142.53,41.35,2749.32,VI-2014-MI2721307-41311,,Chairs,Furniture,FUR-CH-3234,4.0,219.3541,877.42
20083,2023-03-30,Elina Virtanen,63477,Austin,Texas,United States,First Class,2778.98,2738.36,,,40.62,2778.98,UN-2013-EL2903561-47560,"Laptop Docking Station, USB-C",Accessories,Technology,TEC-AC-9941,2.0,253.2228,506.45
20093,2026-02-21,Corey Catlett,84178,New York,New York,United States,Second Class,1665.66,1791.96,0.1,179.2,52.9,1665.66,UN-2013-CO3937176-41293,"Standing Desk Converter, 32in",Tables,Furniture,FUR-TA-5883,3.0,405.5132,1216.54
20166,2025-08-31,Nguyen Minh Anh,48100,Valencia,Valencian Community,Spain,Standard Class,536.69,414.56,0.0,0.0,51.91,536.69,SP-2015-NG4358435-42009,"Modular Bookcase, Walnut (6-Cube)",Bookcases,Furniture,FUR-BO-3316,1.0,137.9625,137.96
20137,2023-08-21,Elina Virtanen,50345,Valencia,Valencian Community,Spain,Second Class,474.38,476.28,0.075,35.72,33.82,474.38,SP-2012-EL5156449-47172,"Copy Paper, A4 (500 sheets)",Paper,Office Supplies,OFF-PA-7456,6.0,9.5703,57.42
20213,2023-05-06,Corey Catlett,90600,Seattle,Washington,United States,First Class,7494.99,7457.32,,,37.67,7494.99,UN-2013-CO4457475-41102,"Ergonomic Task Chair, Mesh Back",Chairs,Furniture,FUR-CH-5992,2.0,284.5571,569.11
20228,2025-11-15,David Philippe,9031,Madrid,Madrid,Spain,First Class,1708.33,1674.21,1.2,,34.12,1708.33,SP-2016-DA7901115-40194,Monitor 27in IPS,Accessories,Technology,TEC-AC-6633,2.0,255.5433,511.09
20016,2025-05-27,Aaron Bergman,67423,Austin,Texas,United States,Same Day,486.52,462.93,,,23.59,486.52,UN-2012-AA5159166-43681,"Wireless Headset, Noise Cancelling",Accessories,Technology,TEC-AC-9397,1.0,73.8004,73.8
20071,2024-06-06,Elina Virtanen,59856,Da Nang,Da Nang,Vietnam,Same Day,2643.26,2834.01,0.075,212.55,21.8,2643.26,VI-2015-EL5988757-49642,"Dining Chair Set (2-Pack), Grey",Chairs,Furniture,FUR-CH-5140,2.0,82.9245,165.85
20201,2026-01-20,Aaron Bergman,21368,Ho Chi Minh City,Ho Chi Minh,Vietnam,Same Day,7266.48,7831.01,0.075,587.33,22.8,7266.48,VI-2012-AA4100114-42303,"USB-C Charger 65W, GaN",Accessories,Technology,TEC-AC-1891,6.0,40.3696,242.22
20054,2023-06-12,Bruce Degenhardt,59689,Hanoi,Hanoi,Vietnam,Standard Class,637.93,622.17,0.05,31.11,46.87,637.93,VI-2013-BR8628588-45355,"Stapler, Heavy Duty",Fasteners,Office Supplies,OFF-FA-2198,2.0,32.1957,64.39
20001,2024-06-20,Elina Virtanen,89022,Cologne,North Rhine-Westphalia,Germany,First Class,5591.09,6025.91,0.075,451.94,17.12,5591.09,GE-2016-EL4335942-48928,"Bookshelf, Industrial Metal/Wood",Bookcases,Furniture,FUR-BO-2608,2.0,374.3519,748.7
20099,2023-05-21,Bruce Degenhardt,67780,Seattle,Washington,United States,First Class,3923.59,3868.56,,,55.03,3923.59,UN-2016-BR7121355-42153,"Archive Storage Box, Letter Size",Storage,Office Supplies,OFF-ST-6420,3.0,5.4361,16.31
20172,2024-06-05,Aaron Bergman,42007,Valencia,Valencian Community,Spain,Standard Class,2553.77,2936.67,0.15,440.5,57.6,2553.77,SP-2012-AA5204459-43216,"Wireless Headset, Noise Cancelling",Accessories,Technology,TEC-AC-4842,1.0,99.8788,99.88
20151,2023-10-15,Bruce Degenhardt,41148,San Francisco,California,United States,Standard Class,2662.76,2835.26,0.075,212.64,40.14,2662.76,UN-2012-BR1801102-43906,"Ergonomic Task Chair, Mesh Back",Chairs,Furniture,FUR-CH-4170,3.0,216.3239,648.97
20243,2025-12-11,Mikko Laine,48415,Madrid,Madrid,Spain,Second Class,1520.48,1594.85,0.05,79.74,5.37,1520.48,SP-2015-MI2794698-42219,"A4 Lever-Arch Binder, 5cm Spine (Blue)",Binders,Office Supplies,OFF-BI-6008,10.0,3.5239,35.24
20050,2025-06-28,Corey Catlett,53370,Seattle,Washington,United States,Same Day,2164.13,2670.02,0.2,534.0,28.11,2164.13,UN-2015-CO2044645-43388,"Copy Paper, A4 (500 sheets)",Paper,Office Supplies,OFF-PA-6971,3.0,14.5039,43.51
20157,2023-05-26,Aaron Bergman,50757,Cologne,North Rhine-Westphalia,Germany,Same Day,2135.62,2089.19,,,46.43,2135.62,GE-2016-AA8942330-44150,"Executive Desk, L-Shape (Espresso)",Tables,Furniture,FUR-TA-1079,3.0,422.3226,1266.97
20007,2024-12-25,Aisha Khan,50121,Turku,Southwest Finland,Finland,First Class,3042.25,3025.65,,,16.6,3042.25,FI-2014-AI7730428-44386,"Dining Chair Set (2-Pack), Grey",Chairs,Furniture,FUR-CH-8145,2.0,228.022,456.04
20101,2025-11-12,Bruce Degenhardt,54397,Austin,Texas,United States,First Class,2590.98,3166.02,0.2,633.2,58.16,2590.98,UN-2015-BR2263313-42306,"Standing Desk Converter, 32in",Tables,Furniture,FUR-TA-6432,5.0,237.3684,1186.84
20240,1999-03-16,Daniel Romero,56388,Hanoi,Hanoi,Vietnam,First Class,1862.32,1841.27,,,21.05,1862.32,VI-2016-DA6443037-46311,"Binder Clips, Medium (Box of 100)",Fasteners,Office Supplies,OFF-FA-6004,5.0,4.8617,24.31
20163,2025-08-15,Aisha Khan,36645,Tampere,Pirkanmaa,Finland,First Class,2159.83,2273.09,0.075,170.48,57.22,2159.83,FI-2013-AI7145971-45933,"Executive Desk, L-Shape (Espresso)",Tables,Furniture,FUR-TA-2343,2.0,851.0996,1702.2
20167,2025-08-29,Daniel Romero,51889,Hanoi,Hanoi,Vietnam,Standard Class,4985.74,6215.1,0.2,1243.02,13.66,4985.74,VI-2012-DA5871470-44914,"Standing Desk Converter, 32in",Tables,Furniture,FUR-TA-9824,2.0,169.4998,339.0
20047,2024-12-10,David Philippe,86262,Tampere,Pirkanmaa,Finland,Same Day,1146.34,1287.01,0.15,193.05,52.38,1146.34,FI-2016-DA8481188-42607,Monitor 27in IPS,Accessories,Technology,TEC-AC-2252,1.0,389.7895,389.79
20161,2025-07-21,Sofia Müller,37092,Barcelona,Catalonia,Spain,Standard Class,781.83,802.15,0.1,80.22,59.9,781.83,SP-2015-SO1710601-45776,"Laptop Docking Station, USB-C",Accessories,Technology,TEC-AC-9309,1.0,228.1492,228.15
20103,2025-04-20,Aaron Bergman,15101,Valencia,Valencian Community,Spain,Second Class,1455.4,1473.75,0.05,73.69,55.34,1455.4,SP-2015-AA1419843-49198,"Copy Paper, A4 (500 sheets)",Paper,Office Supplies,OFF-PA-7637,10.0,5.5531,55.53
20059,2023-05-25,Aaron Bergman,89927,Turku,Southwest Finland,Finland,Same Day,3067.52,3580.88,0.15,537.13,23.77,3067.52,FI-2014-AA2156902-48289,"Oak Bookcase, 5-Shelf",Bookcases,Furniture,FUR-BO-5269,6.0,573.3538,3440.12
20223,2025-03-07,Elina Virtanen,40590,Barcelona,Catalonia,Spain,Same Day,3029.73,3004.34,0.0,0.0,25.39,3029.73,SP-2012-EL8876742-45246,"Stapler, Heavy Duty",Fasteners,Office Supplies,OFF-FA-8734,1.0,20.2669,20.27
20109,2024-04-29,Mikko Laine,38306,Seattle,Washington,United States,Second Class,2032.23,2011.98,,,20.25,2032.23,UN-2014-MI3475548-49764,"Dining Chair Set (2-Pack), Grey",Chairs,Furniture,FUR-CH-5767,1.0,152.9402,152.94
20143,2026-02-12,Aisha Khan,64240,Tampere,Pirkanmaa,Finland,Second Class,1102.11,1087.16,0.0,0.0,14.95,1102.11,FI-2016-AI7320310-42527,"Desk Organizer Tray, Bamboo",Storage,Office Supplies,OFF-ST-2483,4.0,19.6437,78.57
20242,2023-07-09,Sofia Müller,66973,Hanoi,Hanoi,Vietnam,Standard Class,10044.68,12544.31,0.2,2508.86,9.23,10044.68,VI-2015-SO6029008-47933,"Modular Bookcase, Walnut (6-Cube)",Bookcases,Furniture,FUR-BO-4913,10.0,414.1895,4141.9
20040,2024-12-03,Daniel Romero,27682,Valencia,Valencian Community,Spain,Standard Class,1112.68,1284.02,0.15,192.6,21.26,1112.68,SP-2015-DA6472441-46592,"Smartphone, 128GB (Midnight)",Phones,Technology,TEC-PH-9423,1.0,567.7323,567.73
20141,2026-02-12,Daniel Romero,50338,Madrid,Madrid,Spain,Same Day,9049.31,9502.44,0.05,475.12,-5.0,9049.31,SP-2016-DA7070468-40298,"Executive Desk, L-Shape (Espresso)",Tables,Furniture,FUR-TA-3395,5.0,907.4227,4537.11
20044,2023-06-04,Nguyen Minh Anh,72278,Seattle,Washington,United States,First Class,3251.81,3207.3,0.0,0.0,44.51,3251.81,UN-2015-NG7953166-49431,"Oak Bookcase, 5-Shelf",Bookcases,Furniture,FUR-BO-4585,5.0,281.97,1409.85
20232,2023-08-18,David Philippe,66988,Cologne,North Rhine-Westphalia,Germany,Standard Class,1292.05,1274.41,,,17.64,1292.05,GE-2016-DA2599906-48653,"Bookshelf, Industrial Metal/Wood",Bookcases,Furniture,FUR-BO-7052,2.0,111.4812,222.96
20062,2025-04-16,Aaron Bergman,13762,San Francisco,California,United States,Same Day,1011.64,987.12,0.0,0.0,24.52,1011.64,UN-2014-AA4050766-47988,"Side Table, Oak Round 45cm",Tables,Furniture,FUR-TA-9485,3.0,61.8688,185.61
20042,2024-05-05,Corey Catlett,46010,Barcelona,Catalonia,Spain,Standard Class,568.26,648.84,0.15,97.33,16.75,568.26,SP-2015-CO8411939-47244,"Tablet 10in, 64GB",Accessories,Technology,TEC-AC-8448,1.0,194.7647,194.76
20221,2024-05-02,Aaron Bergman,49740,San Francisco,California,United States,First Class,2323.86,2663.39,0.15,399.51,59.98,2323.86,UN-2013-AA4188068-41922,"Wireless Headset, Noise Cancelling",Accessories,Technology,TEC-AC-6309,1.0,187.7846,187.78
20239,2024-09-04,Daniel Romero,27367,Ho Chi Minh City,Ho Chi Minh,Vietnam,First Class,613.85,642.6,0.1,64.26,35.51,613.85,VI-2013-DA8230636-47353,"Desk Organizer Tray, Bamboo",Storage,Office Supplies,OFF-ST-5480,2.0,26.5162,53.03
20245,2024-12-04,Sofia Müller,62199,San Francisco,California,United States,Standard Class,1806.41,2235.1,0.2,447.02,18.33,1806.41,UN-2014-SO9237735-49435,"Copy Paper, A4 (500 sheets)",Paper,Office Supplies,OFF-PA-3848,4.0,10.8441,43.38
20204,2023-10-28,Bruce Degenhardt,32088,Valencia,Valencian Community,Spain,Second Class,2073.8,2043.78,0.0,0.0,30.02,2073.8,SP-2013-BR3240912-47834,"Binder Clips, Medium (Box of 100)",Fasteners,Office Supplies,OFF-FA-2275,6.0,2.7611,16.57
20005,2023-09-24,Corey Catlett,46549,Cologne,North Rhine-Westphalia,Germany,Same Day,4636.52,4863.16,0.05,243.16,16.52,4636.52,GE-2014-CO3728882-46065,"Tablet 10in, 64GB",Accessories,Technology,TEC-AC-4651,6.0,330.1616,1980.97
20209,2023-06-02,Corey Catlett,55159,Seattle,Washington,United States,First Class,13684.27,14786.51,0.075,1108.99,6.75,13684.27,UN-2016-CO2010921-41130,,Computers,Technology,TEC-CO-6653,5.0,1403.0246,7015.12
20181,2025-10-20,Bruce Degenhardt,43173,Barcelona,Catalonia,Spain,First Class,2774.21,2872.84,0.05,143.64,45.01,2774.21,SP-2012-BR8229768-42194,Monitor 27in IPS,Accessories,Technology,TEC-AC-1108,6.0,386.9696,2321.82
20249,2023-05-16,Aaron Bergman,80373,Da Nang,Da Nang,Vietnam,First Class,2104.8,2064.22,0.0,0.0,40.58,2104.8,VI-2012-AA5164624-45816,"Steel File Cabinet, 3-Drawer",Storage,Office Supplies,OFF-ST-3713,2.0,106.21,212.42
20076,2025-06-03,Bruce Degenhardt,40799,Valencia,Valencian Community,Spain,Same Day,4288.28,4234.36,,,53.92,4288.28,SP-2015-BR2349590-49798,"Wireless Headset, Noise Cancelling",Accessories,Technology,TEC-AC-5600,2.0,71.5505,143.1
20017,2024-06-15,Mikko Laine,48964,Tampere,Pirkanmaa,Finland,First Class,8880.32,8825.52,,,54.8,8880.32,FI-2012-MI1987737-43750,"Executive Desk, L-Shape (Espresso)",Tables,Furniture,FUR-TA-6934,10.0,752.1119,7521.12
20081,2025-06-25,Aisha Khan,34701,Hamburg,Hamburg,Germany,Standard Class,2962.34,3693.12,0.2,738.62,7.84,2962.34,GE-2016-AI9363326-47242,"Executive Leather Chair, Black",Chairs,Furniture,FUR-CH-4773,4.0,764.0443,3056.18
20115,2024-12-26,Corey Catlett,98401,Tampere,Pirkanmaa,Finland,Standard Class,5410.3,5837.68,0.075,437.83,10.45,5410.3,FI-2015-CO9481739-49919,"Mechanical Keyboard, TKL",Accessories,Technology,TEC-AC-2856,5.0,136.156,680.78
20178,2023-11-07,Bruce Degenhardt,68930,San Francisco,California,United States,Second Class,1112.38,1110.93,0.05,55.55,57.0,1112.38,UN-2013-BR2624230-40829,"Archive Storage Box, Letter Size",Storage,Office Supplies,OFF-ST-4452,10.0,6.0637,60.64
20184,2025-12-20,Aisha Khan,15939,San Francisco,California,United States,First Class,1774.13,1937.78,0.1,193.78,30.13,1774.13,UN-2013-AI6587495-47761,"Laptop 14in, 16GB RAM",Computers,Technology,TEC-CO-7732,1.0,881.4868,881.49
20112,2025-03-12,Elina Virtanen,87812,Ho Chi Minh City,Ho Chi Minh,Vietnam,First Class,878.12,967.48,0.1,96.75,7.39,878.12,VI-2015-EL9453010-43629,"Standing Desk Converter, 32in",Tables,Furniture,FUR-TA-3639,1.0,294.0437,294.04
20024,2024-12-03,Aisha Khan,16687,Berlin,Berlin,Germany,Same Day,2569.68,2511.84,,,57.84,2569.68,GE-2016-AI9910817-42579,"Oak Bookcase, 5-Shelf",Bookcases,Furniture,FUR-BO-3406,1.0,253.1902,253.19
20121,2023-04-24,Mikko Laine,55154,Tampere,Pirkanmaa,Finland,First Class,4228.67,4425.64,0.05,221.28,24.31,4228.67,FI-2013-MI5584716-45062,"Tablet 10in, 64GB",Accessories,Technology,TEC-AC-3949,6.0,534.5482,3207.29
20206,2023-10-17,Aisha Khan,43891,Madrid,Madrid,Spain,Second Class,129.17,81.23,0.05,4.06,52.0,129.17,SP-2016-AI3514105-42695,"Sticky Notes, 76x76mm (Pack of 12)",Paper,Office Supplies,OFF-PA-1305,2.0,19.1561,38.31
20214,2023-06-09,Nguyen Minh Anh,15798,Da Nang,Da Nang,Vietnam,Same Day,4194.43,4147.94,0.0,0.0,46.49,4194.43,VI-2015-NG4931560-48843,"Side Table, Oak Round 45cm",Tables,Furniture,FUR-TA-8359,10.0,119.3137,1193.14
20133,2025-12-07,David Philippe,84004,Cologne,North Rhine-Westphalia,Germany,Same Day,471.69,442.5,0.0,0.0,29.19,471.69,GE-2016-DA6422534-45179,"Laptop Docking Station, USB-C",Accessories,Technology,TEC-AC-8891,1.0,127.2918,127.29
20052,2024-05-26,David Philippe,38760,Da Nang,Da Nang,Vietnam,Standard Class,414.06,422.24,0.075,31.67,23.49,414.06,VI-2015-DA9147720-40475,Gel Pen Set (12 colors),Art,Office Supplies,OFF-AR-3338,10.0,15.4863,154.86
20200,2024-03-17,Aisha Khan,30093,Valencia,Valencian Community,Spain,Standard Class,871.64,910.61,0.1,91.06,52.09,871.64,SP-2016-AI4240708-42875,"Executive Desk, L-Shape (Espresso)",Tables,Furniture,FUR-TA-9369,2.0,367.4052,734.81
20116,2025-07-29,David Philippe,40064,Cologne,North Rhine-Westphalia,Germany,Same Day,3121.56,3325.87,0.075,249.44,45.13,3121.56,GE-2014-DA8608449-46532,"USB-C Charger 65W, GaN",Accessories,Technology,TEC-AC-6614,5.0,47.8093,239.05
20087,2025-04-12,David Philippe,62276,Tampere,Pirkanmaa,Finland,Second Class,4879.63,6039.98,0.2,1208.0,47.65,4879.63,FI-2013-DA7425184-43826,"Ergonomic Task Chair, Mesh Back",Chairs,Furniture,FUR-CH-4765,4.0,190.2201,760.88
20079,2024-12-18,Daniel Romero,31079,Ho Chi Minh City,Ho Chi Minh,Vietnam,Standard Class,3584.35,4149.83,0.15,622.47,56.99,3584.35,VI-2015-DA9312590-44722,"Executive Leather Chair, Black",Chairs,Furniture,FUR-CH-1271,2.0,556.3522,1112.7
20089,2025-08-19,Daniel Romero,42469,Madrid,Madrid,Spain,Same Day,2894.28,3566.59,0.2,713.32,41.01,2894.28,SP-2012-DA3418526-46717,"Tablet 10in, 64GB",Accessories,Technology,TEC-AC-9263,4.0,485.8102,1943.24
20036,2024-11-16,Nguyen Minh Anh,39219,Ho Chi Minh City,Ho Chi Minh,Vietnam,First Class,2929.96,3028.86,0.05,151.44,52.54,2929.96,VI-2013-NG7685149-45378,"Sticky Notes, 76x76mm (Pack of 12)",Paper,Office Supplies,OFF-PA-2577,1.0,11.6139,11.61
20186,2025-11-29,Mikko Laine,59394,Tampere,Pirkanmaa,Finland,Same Day,4593.28,5390.88,0.15,808.63,11.03,4593.28,FI-2012-MI7180018-45427,"Sticky Notes, 76x76mm (Pack of 12)",Paper,Office Supplies,OFF-PA-1639,6.0,12.0533,72.32
20029,2026-03-17,Aisha Khan,51770,Valencia,Valencian Community,Spain,Standard Class,4569.47,4515.54,,,53.93,4569.47,SP-2012-AI3253031-44333,"Executive Leather Chair, Black",Chairs,Furniture,FUR-CH-2526,5.0,654.7627,3273.81
20021,2024-09-22,David Philippe,42742,Hanoi,Hanoi,Vietnam,First Class,5723.31,6662.77,0.15,999.42,59.96,5723.31,VI-2015-DA2642635-40828,Monitor 27in IPS,Accessories,Technology,TEC-AC-9835,1.0,391.1513,391.15
20106,2024-01-12,Corey Catlett,33078,Helsinki,Uusimaa,Finland,Same Day,4177.08,4134.11,,,42.97,4177.08,FI-2016-CO7847048-44583,"Smartphone, 128GB (Midnight)",Phones,Technology,TEC-PH-8069,6.0,552.4104,3314.46
20075,2023-07-26,Aisha Khan,18874,Madrid,Madrid,Spain,Standard Class,4518.71,4487.93,,,30.78,4518.71,SP-2016-AI5842082-47195,"Laptop Docking Station, USB-C",Accessories,Technology,TEC-AC-1711,6.0,162.9226,977.54
20026,2025-07-07,Mikko Laine,84200,Berlin,Berlin,Germany,Standard Class,3703.34,3683.73,0.0,0.0,19.61,3703.34,GE-2014-MI4426900-45147,"Smartphone, 256GB (Silver)",Phones,Technology,TEC-PH-8899,4.0,712.8884,2851.55
20123,2025-03-28,Bruce Degenhardt,29259,Madrid,Madrid,Spain,First Class,4288.08,5311.38,0.2,1062.28,38.98,4288.08,SP-2012-BR3610197-42579,"Smartphone, 256GB (Silver)",Phones,Technology,TEC-PH-2600,4.0,550.4123,2201.65
20006,2023-07-26,Mikko Laine,49614,Valencia,Valencian Community,Spain,Second Class,823.49,862.29,0.075,64.67,25.87,823.49,SP-2016-MI5107245-42677,"Archive Storage Box, Letter Size",Storage,Office Supplies,OFF-ST-4809,1.0,8.3821,8.38
20088,2025-10-25,Corey Catlett,60719,Munich,Bavaria,Germany,Second Class,2687.28,2921.32,0.1,292.13,58.09,2687.28,GE-2015-CO1621086-42068,Monitor 27in IPS,Accessories,Technology,TEC-AC-9908,4.0,212.1854,848.74
20038,2023-10-10,Mikko Laine,36480,Madrid,Madrid,Spain,Standard Class,3218.92,3563.96,0.1,356.4,11.36,3218.92,SP-2014-MI8321474-49932,"Modular Bookcase, Walnut (6-Cube)",Bookcases,Furniture,FUR-BO-1116,10.0,344.6925,3446.93
20128,2025-05-23,Aisha Khan,36589,Madrid,Madrid,Spain,First Class,705.7,752.32,0.1,75.23,28.61,705.7,SP-2015-AI2306317-45129,"Desk Organizer Tray, Bamboo",Storage,Office Supplies,OFF-ST-1117,4.0,28.9455,115.78
20229,2024-10-09,Aisha Khan,40914,Valencia,Valencian Community,Spain,Same Day,4260.34,4719.06,0.1,471.91,13.19,4260.34,SP-2013-AI2795437-41578,"Wireless Mouse, Ergonomic",Accessories,Technology,TEC-AC-6175,4.0,36.6343,146.54
20150,2025-10-24,Sofia Müller,71602,Munich,Bavaria,Germany,Same Day,5485.21,5466.13,,,19.08,5485.21,GE-2016-SO1088100-41298,"Standing Desk Converter, 32in",Tables,Furniture,FUR-TA-7980,10.0,166.2351,1662.35
20246,2025-05-14,Aaron Bergman,24927,Ho Chi Minh City,Ho Chi Minh,Vietnam,Second Class,2344.6,2287.18,,,57.42,2344.6,VI-2016-AA4018677-49012,"Laptop Docking Station, USB-C",Accessories,Technology,TEC-AC-9783,4.0,185.9939,743.98
20197,2026-03-01,Aisha Khan,33061,Cologne,North Rhine-Westphalia,Germany,Same Day,1217.87,1482.03,0.2,296.41,32.25,1217.87,GE-2013-AI1609681-46504,"Sticky Notes, 76x76mm (Pack of 12)",Paper,Office Supplies,OFF-PA-5514,4.0,16.0796,64.32
20118,2025-04-03,Sofia Müller,82924,Hanoi,Hanoi,Vietnam,First Class,5378.29,5787.93,0.075,434.09,24.45,5378.29,VI-2016-SO6530541-42002,Gel Pen Set (12 colors),Art,Office Supplies,OFF-AR-8904,1.0,9.183,9.18
20100,2025-06-29,Sofia Müller,21160,Valencia,Valencian Community,Spain,Second Class,218.88,181.82,0.1,18.18,55.24,218.88,SP-2016-SO7138070-48697,"Stapler, Heavy Duty",Fasteners,Office Supplies,OFF-FA-8925,2.0,44.5518,89.1
20095,2024-10-11,Elina Virtanen,30821,Hamburg,Hamburg,Germany,First Class,9466.41,9922.39,0.05,496.12,40.14,9466.41,GE-2015-EL6797629-49626,"Copy Paper, A4 (500 sheets)",Paper,Office Supplies,OFF-PA-6641,4.0,11.8294,47.32
20114,2023-08-14,Aaron Bergman,89730,Hanoi,Hanoi,Vietnam,Second Class,605.09,628.08,0.1,62.81,39.82,605.09,VI-2012-AA3117143-44505,"Laptop Docking Station, USB-C",Accessories,Technology,OFF__ST__1234,2.0,165.9211,331.84
20235,2025-04-26,Sofia Müller,30379,Helsinki,Uusimaa,Finland,Standard Class,942.78,891.65,0.0,0.0,51.13,942.78,FI-2012-SO2638895-47161,"Wireless Mouse, Ergonomic",Accessories,Technology,TEC-AC-3650,1.0,26.5832,26.58
20147,2023-09-28,Elina Virtanen,16171,Valencia,Valencian Community,Spain,Standard Class,975.26,995.1,0.075,74.63,54.79,975.26,SP-2012-EL3689594-44469,"Premium Sketch Paper Pad, A4 120gsm",Art,Office Supplies,OFF-AR-6544,6.0,16.5086,99.05
20176,2025-09-15,Daniel Romero,17852,Ho Chi Minh City,Ho Chi Minh,Vietnam,Second Class,964.75,1025.44,0.075,76.91,16.22,964.75,VI-2015-DA7972975-47933,"USB-C Charger 65W, GaN",Accessories,Technology,TEC-AC-1852,1.0,36.4007,36.4
20148,2023-09-05,Nguyen Minh Anh,69131,San Francisco,California,United States,Standard Class,1057.36,1107.84,0.075,83.09,32.61,1057.36,UN-2012-NG7960815-40872,"Wireless Headset, Noise Cancelling",Accessories,Technology,TEC-AC-1086,1.0,212.8836,212.88
20142,2025-11-21,Nguyen Minh Anh,39694,Austin,Texas,United States,Second Class,3761.01,4640.83,0.2,928.17,48.35,3761.01,UN-2013-NG2294615-44846,"Archive Storage Box, Letter Size",Storage,Office Supplies,OFF-ST-8133,1.0,4.2175,4.22
20132,2023-12-29,Nguyen Minh Anh,14738,Barcelona,Catalonia,Spain,Second Class,2506.49,2770.09,0.1,277.01,13.41,2506.49,SP-2014-NG4309671-42842,"Dining Chair Set (2-Pack), Grey",Chairs,Furniture,FUR-CH-7075,1.0,181.8058,181.81
20191,2025-11-17,Nguyen Minh Anh,24156,Valencia,Valencian Community,Spain,Standard Class,1798.3,1843.04,0.05,92.15,47.41,1798.3,SP-2016-NG6007984-43684,"Mechanical Keyboard, TKL",Accessories,Technology,TEC-AC-7296,4.0,127.8854,511.54
20130,2025-03-12,Daniel Romero,67240,Da Nang,Da Nang,Vietnam,First Class,1559.05,1648.9,0.075,123.67,33.82,1559.05,VI-2013-DA8309439-49648,"Desk Organizer Tray, Bamboo",Storage,Office Supplies,OFF-ST-5693,10.0,9.8388,98.39
20056,2024-07-20,Nguyen Minh Anh,12786,Berlin,Berlin,??,Second Class,3640.0,4269.07,0.15,640.36,11.29,3640.0,GE-2013-NG3117636-47758,"Smartphone, 128GB (Midnight)",Phones,Technology,TEC-PH-3871,5.0,563.3832,2816.92
20066,2024-06-16,Daniel Romero,20622,Barcelona,Catalonia,Spain,Standard Class,10172.99,10156.09,0.0,0.0,16.9,10172.99,SP-2012-DA9990305-43033,"Side Table, Oak Round 45cm",Tables,Furniture,FUR-TA-9489,2.0,43.5009,87.0
20025,2023-07-20,Mikko Laine,19022,Cologne,North Rhine-Westphalia,Germany,Second Class,6572.39,6535.55,0.0,0.0,36.84,6572.39,GE-2015-MI3011363-49333,"Smartphone, 256GB (Silver)",Phones,Technology,TEC-PH-9364,6.0,973.8373,5843.02
20002,2023-03-15,Sofia Müller,75492,Helsinki,Uusimaa,Finland,Standard Class,1778.27,2193.45,0.2,438.69,23.51,1778.27,FI-2014-SO3608513-43527,"Sticky Notes, 76x76mm (Pack of 12)",Paper,Office Supplies,OFF-PA-3776,1.0,9.7558,9.76
20027,2025-09-23,Aaron Bergman,19509,Austin,Texas,United States,First Class,2406.13,2654.9,0.1,265.49,16.72,2406.13,UN-2015-AA2677407-41200,"Wireless Headset, Noise Cancelling",Accessories,Technology,TEC-AC-1004,1.0,58.237,58.24
20110,2024-07-27,Sofia Müller,ABCDE,New York,New York,United States,First Class,2528.84,3100.6,0.2,620.12,48.36,2528.84,UN-2013-SO1249314-45869,"Bookshelf, Industrial Metal/Wood",Bookcases,Furniture,FUR-BO-7544,3.0,352.8199,1058.46
20203,2025-03-07,Nguyen Minh Anh,18257,Munich,Bavaria,Germany,First Class,282.02,258.69,0.075,19.4,42.73,282.02,GE-2015-NG6147356-42616,"Premium Sketch Paper Pad, A4 120gsm",Art,Office Supplies,OFF-AR-4281,6.0,3.3381,20.03
20084,2024-10-19,Elina Virtanen,45839,San Francisco,California,United States,Same Day,1044.26,1090.75,0.075,81.81,35.32,1044.26,UN-2015-EL8922533-43993,"Wireless Mouse, Ergonomic",Accessories,Technology,TEC-AC-2124,1.0,49.3723,49.37
20192,2024-12-10,David Philippe,55719,San Francisco,California,United States,Standard Class,5224.56,6105.51,0.15,915.83,34.88,5224.56,UN-2014-DA3044708-49395,"Mechanical Keyboard, TKL",Accessories,Technology,TEC-AC-6703,3.0,175.0438,525.13
20102,2025-03-20,Daniel Romero,61717,Da Nang,Da Nang,Vietnam,First Class,6690.14,6998.03,0.05,349.9,42.01,6690.14,VI-2014-DA3073474-47451,"Bookshelf, Industrial Metal/Wood",Bookcases,Furniture,FUR-BO-4707,10.0,465.777,4657.77
20247,2024-05-04,David Philippe,48185,Da Nang,Da Nang,Vietnam,First Class,1895.3,2204.28,0.15,330.64,21.66,1895.3,VI-2015-DA9376917-42280,"Steel File Cabinet, 3-Drawer",Storage,Office Supplies,OFF-ST-7618,10.0,81.5815,9.11
20173,2024-11-11,Mikko Laine,42963,Madrid,Madrid,Spain,First Class,10827.75,12015.86,0.1,1201.59,13.48,10827.75,SP-2016-MI3829240-49696,"Executive Desk, L-Shape (Espresso)",Tables,Furniture,FUR-TA-7670,6.0,324.5255,1947.15
20165,2023-10-20,Aisha Khan,20193,Madrid,Madrid,Spain,Same Day,3123.36,3103.96,,,19.4,3123.36,SP-2016-AI7492570-49202,"Ergonomic Task Chair, Mesh Back",Chairs,Furniture,FUR-CH-9243,2.0,0.0,356.78
20144,2025-08-14,Aisha Khan,73952,Turku,Southwest Finland,Finland,Standard Class,1851.07,2256.13,0.2,451.23,46.17,1851.07,FI-2013-AI8452417-44668,"Executive Leather Chair, Black",Chairs,Furniture,FUR-CH-9409,2.0,810.8014,1621.6
20011,2024-07-28,Elina Virtanen,11504,Da Nang,Da Nang,Vietnam,First Class,8961.84,8940.7,,,21.14,8961.84,VI-2016-EL5476583-45573,"Laptop 14in, 16GB RAM",Computers,Technology,TEC-CO-5098,5.0,1567.7527,7838.76
20212,2025-10-05,Elina Virtanen,65706,Munich,Bavaria,Germany,Same Day,1852.17,1935.41,0.05,96.77,13.53,1852.17,GE-2013-EL5152562-47546,"Copy Paper, A4 (500 sheets)",Paper,Office Supplies,OFF-PA-8923,2.0,12.0897,24.18
20012,2023-03-08,Bruce Degenhardt,75613,San Francisco,California,United States,Second Class,9564.55,11905.51,0.2,2381.1,40.14,9564.55,UN-2016-BR2785277-44889,"Smartphone, 128GB (Midnight)",Phones,Technology,TEC-PH-8517,5.0,837.9143,4189.57
20113,2025-09-25,Aisha Khan,28072,Helsinki,Uusimaa,Finland,Same Day,1178.64,1226.44,0.075,91.98,44.18,1178.64,FI-2015-AI8151684-41768,"Laptop Docking Station, USB-C",Accessories,Technology,TEC-AC-1448,5.0,109.7656,548.83
20194,2024-04-18,Elina Virtanen,45537,Hanoi,Hanoi,Vietnam,Standard Class,2605.68,2587.34,0.0,0.0,18.34,2605.68,VI-2013-EL2832517-49614,"Ergonomic Task Chair, Mesh Back",Chairs,Furniture,FUR-CH-7269,2.0,265.9974,531.99
20236,2025-05-22,Aaron Bergman,9942,Valencia,Valencian Community,Spain,Standard Class,3339.98,3478.48,0.05,173.92,35.42,3339.98,SP-2015-AA9230960-43737,"Dining Chair Set (2-Pack), Grey",Chairs,Furniture,FUR-CH-6172,4.0,251.0891,1004.36
20134,2024-11-11,Bruce Degenhardt,87518,Ho Chi Minh City,Ho Chi Minh,Vietnam,First Class,404.17,393.44,0.05,19.67,30.4,404.17,VI-2014-BR9511700-41215,"Desk Organizer Tray, Bamboo",Storage,Office Supplies,OFF-ST-9776,1.0,30.4262,30.43
20171,2024-03-08,Sofia Müller,36353,Madrid,Madrid,Spain,First Class,2853.19,2988.56,0.05,149.43,14.06,2853.19,SP-2012-SO9692311-42507,"Bookshelf, Industrial Metal/Wood",Bookcases,Furniture,FUR-BO-5067,2.0,130.8086,261.62
20000,2024-09-15,Nguyen Minh Anh,39371,Berlin,Berlin,Germany,Second Class,3184.58,3435.49,0.075,257.66,6.75,3184.58,GE-2012-NG2458591-49674,"USB-C Charger 65W, GaN",Accessories,Technology,TEC-AC-6603,1.0,45.5003,45.5
20033,2023-12-30,Corey Catlett,36804,Tampere,Pirkanmaa,Finland,First Class,8259.55,8676.84,0.05,433.84,16.55,8259.55,FI-2014-CO7117837-40653,"Executive Desk, L-Shape (Espresso)",Tables,Furniture,FUR-TA-8807,3.0,497.4765,1492.43
20043,2024-02-12,Daniel Romero,47196,Da Nang,Da Nang,Vietnam,Standard Class,812.47,763.11,0.0,0.0,49.36,812.47,VI-2012-DA4940441-45085,Monitor 27in IPS,Accessories,Technology,TEC-AC-5408,1.0,405.1931,405.19
20217,2025-04-20,Elina Virtanen,28889,Valencia,Valencian Community,Spain,Same Day,1770.46,1771.33,0.075,132.85,15.11,1770.46,SP-2015-EL3503456-44913,"USB-C Charger 65W, GaN",Accessories,Technology,TEC-AC-4115,5.0,55.5412,277.71
20020,1999-06-13,Corey Catlett,54588,Berlin,Berlin,Germany,First Class,631.67,668.89,0.1,66.89,29.67,631.67,GE-2013-CO4214348-43116,"Dining Chair Set (2-Pack), Grey",Chairs,Furniture,FUR-CH-4965,2.0,101.3557,202.71
20219,2023-12-01,Corey Catlett,51931,Tampere,Pirkanmaa,Finland,Standard Class,3173.0,3374.5,0.075,253.09,51.59,3173.0,FI-2013-CO6540893-41295,"Side Table, Oak Round 45cm",Tables,Furniture,FUR-TA-5091,10.0,58.8226,588.23
20159,2025-01-24,Sofia Müller,75038,Ho Chi Minh City,Ho Chi Minh,Vietnam,Same Day,1384.44,1718.62,0.2,343.72,9.54,1384.44,VI-2014-SO9712003-44369,"Smartphone, 128GB (Midnight)",Phones,Technology,TEC-PH-2747,1.0,852.1129,852.11
20069,2025-11-06,David Philippe,30329,Barcelona,Catalonia,Spain,Second Class,2010.5,1960.28,,,50.22,2010.5,SP-2012-DA5235884-47827,"USB-C Charger 65W, GaN",Accessories,Technology,TEC-AC-9071,10.0,15.3643,153.64
20127,2025-07-30,Sofia Müller,26932,Da Nang,Da Nang,Vietnam,Same Day,891.23,933.78,0.1,93.38,50.83,891.23,VI-2016-SO4860617-48196,"Laptop Docking Station, USB-C",Accessories,Technology,TEC-AC-9871,1.0,234.1618,234.16
20009,2024-08-21,Mikko Laine,76255,Tampere,Pirkanmaa,Finland,Same Day,80.12,53.31,0.1,5.33,32.14,80.12,FI-2014-MI4679591-42266,"Binder Clips, Medium (Box of 100)",Fasteners,Office Supplies,OFF-FA-6167,5.0,7.2868,36.43
20032,2025-07-24,Elina Virtanen,21367,Tampere,Pirkanmaa,Finland,First Class,1757.93,1707.03,,,50.9,1757.93,FI-2012-EL3500715-48938,Monitor 27in IPS,Accessories,Technology,TEC-AC-5501,5.0,191.2041,956.02
20124,2025-08-25,Corey Catlett,73771,Munich,Bavaria,Germany,Same Day,2263.66,2788.1,0.2,557.62,33.18,2263.66,GE-2015-CO5582979-43531,"Smartphone, 128GB (Midnight)",Phones,Technology,TEC-PH-9374,2.0,538.7277,1077.46
20248,2024-01-11,Corey Catlett,32707,Valencia,Valencian Community,Spain,First Class,827.12,857.0,0.075,64.27,34.39,827.12,SP-2015-CO9040224-49539,"Smartphone, 128GB (Midnight)",Phones,Technology,TEC-PH-3101,1.0,615.4413,615.44
20131,2025-01-25,Nguyen Minh Anh,53655,Ho Chi Minh City,Ho Chi Minh,Vietnam,Second Class,3494.04,3845.54,0.1,384.55,33.05,3494.04,VI-2012-NG9564488-41868,Gel Pen Set (12 colors),Art,Office Supplies,OFF-AR-8836,6.0,4.4559,26.74
20031,2025-07-16,Bruce Degenhardt,15893,Berlin,Berlin,Germany,First Class,2103.23,2057.46,0.0,0.0,45.77,2103.23,GE-2014-BR3194789-44291,"Binder Clips, Medium (Box of 100)",Fasteners,Office Supplies,OFF-FA-7450,1.0,4.2004,4.2
20225,2024-07-17,David Philippe,82174,San Francisco,California,United States,Standard Class,2347.07,2521.97,0.075,189.15,14.25,2347.07,GE-2013-EL5152562-47546,"Executive Leather Chair, Black",Chairs,Furniture,FUR-CH-9490,5.0,407.2689,2036.34
20188,2025-04-18,Sofia Müller,51845,Tampere,Pirkanmaa,Finland,First Class,3972.31,3943.05,,,29.26,3972.31,FI-2016-SO2843740-43125,"Modular Bookcase, Walnut (6-Cube)",Bookcases,Furniture,FUR-BO-1193,2.0,283.154,566.31
20119,2023-06-15,Bruce Degenhardt,88696,Da Nang,Da Nang,Vietnam,Standard Class,2026.86,2233.51,0.1,223.35,16.7,2026.86,VI-2014-BR2738129-49468,"Executive Leather Chair, Black",Chairs,Furniture,FUR-CH-6331,3.0,621.2002,1863.6
20092,2024-02-05,Bruce Degenhardt,13909,Hamburg,Hamburg,Germany,First Class,3923.48,4103.01,0.05,205.15,25.62,3923.48,GE-2014-BR1941524-44806,"Bookshelf, Industrial Metal/Wood",Bookcases,Furniture,FUR-BO-4066,6.0,196.1969,1177.18
20140,2025-02-15,Bruce Degenhardt,96105,Cologne,North Rhine-Westphalia,Germany,Same Day,4284.98,4732.51,0.1,473.25,25.72,4284.98,GE-2013-BR2421349-45072,"Bookshelf, Industrial Metal/Wood",Bookcases,Furniture,FUR-BO-8722,10.0,227.0921,2270.92
20139,2025-01-05,Daniel Romero,44567,Madrid,Madrid,Spain,Same Day,2496.6,3104.16,0.2,620.83,13.27,2496.6,SP-2014-DA5227787-49874,"Executive Desk, L-Shape (Espresso)",Tables,Furniture,FUR-TA-9171,4.0,397.3727,1589.49
20149,2023-08-16,Aaron Bergman,39431,San Francisco,California,United States,First Class,1223.53,1513.12,0.2,302.62,13.03,1223.53,UN-2014-AA2662338-45493,"Wireless Mouse, Ergonomic",Accessories,Technology,TEC-AC-7099,3.0,70.0942,210.28
20222,2024-04-23,Corey Catlett,41369,Hanoi,Hanoi,Vietnam,Standard Class,3322.67,3596.6,0.1,359.66,40.68,3322.67,VI-2014-CO7386444-47639,"Bookshelf, Industrial Metal/Wood",Bookcases,Furniture,FUR-BO-8384,1.0,314.9927,314.99
20237,2024-03-16,Mikko Laine,59816,Ho Chi Minh City,Ho Chi Minh,Vietnam,First Class,675.79,784.41,0.15,117.66,9.04,675.79,VI-2016-MI5955645-44037,"Copy Paper, A4 (500 sheets)",Paper,Office Supplies,OFF-PA-4744,1.0,11.6498,11.65
20008,2024-12-05,Nguyen Minh Anh,85535,Tampere,Pirkanmaa,Finland,Same Day,8056.37,8037.81,0.0,0.0,18.56,8056.37,FI-2015-NG3396987-44339,"Smartphone, 256GB (Silver)",Phones,Technology,TEC-PH-4863,6.0,774.1641,4644.98
20077,2024-07-26,Aisha Khan,13986,Valencia,Valencian Community,Spain,Second Class,430.74,470.59,0.1,47.06,7.21,430.74,SP-2016-AI1348050-44415,"Premium Sketch Paper Pad, A4 120gsm",Art,Office Supplies,OFF-AR-4212,1.0,20.6008,20.6
20108,2023-09-05,Nguyen Minh Anh,94224,Hamburg,Hamburg,Germany,First Class,2372.6,2324.32,0.0,0.0,-5.0,2372.6,GE-2012-NG6595355-43990,"Mechanical Keyboard, TKL",Accessories,Technology,TEC-AC-3450,5.0,153.7652,768.83
20097,2024-10-27,Bruce Degenhardt,9438,Valencia,Valencian Community,Spain,Same Day,3402.15,4199.29,0.2,839.86,42.72,3402.15,SP-2014-BR1135861-49272,"Executive Desk, L-Shape (Espresso)",Tables,Furniture,FUR-TA-7906,5.0,344.1302,1720.65
20061,2025-11-16,David Philippe,36546,Valencia,Valencian Community,Spain,Standard Class,2963.05,3062.69,0.05,153.13,53.49,2963.05,SP-2014-DA5118725-41419,Monitor 27in IPS,Accessories,Technology,TEC-AC-9470,6.0,341.7569,2050.54
20146,2025-12-25,Elina Virtanen,35438,Barcelona,Catalonia,Spain,Second Class,2940.06,2899.8,,,40.26,2940.06,SP-2013-EL3321942-44096,"Smartphone, 256GB (Silver)",Phones,Technology,TEC-PH-8972,2.0,638.2305,1276.46
20162,2023-06-27,Daniel Romero,51987,Valencia,Valencian Community,Spain,Same Day,2409.09,2396.24,,,12.85,2409.09,SP-2014-DA9608154-42621,"Laptop Docking Station, USB-C",Accessories,Technology,TEC-AC-1781,4.0,106.8257,427.3
20180,2023-04-18,Daniel Romero,33772,Barcelona,Catalonia,Spain,Same Day,3038.53,3190.37,0.05,159.52,7.68,3038.53,SP-2013-DA4609524-49557,"Executive Desk, L-Shape (Espresso)",Tables,Furniture,FUR-TA-1983,2.0,819.6726,1639.35
20185,2023-12-13,Aaron Bergman,61850,Tampere,Pirkanmaa,Finland,Second Class,1410.34,1449.94,0.05,72.5,32.9,1410.34,FI-2015-AA6020319-49727,"Archive Storage Box, Letter Size",Storage,Office Supplies,OFF-ST-2577,5.0,17.1473,85.74
20104,2025-10-07,Bruce Degenhardt,95098,Seattle,Washington,United States,Same Day,6338.71,6316.97,,,21.74,6338.71,UN-2012-BR3345069-40742,"Bookshelf, Industrial Metal/Wood",Bookcases,Furniture,FUR-BO-6914,3.0,310.7348,932.2
20158,2025-03-02,Aisha Khan,95949,Austin,Texas,United States,Standard Class,1078.18,1070.52,0.075,80.29,53.92,1078.18,UN-2014-AI3088344-46029,"Tablet 10in, 64GB",Accessories,Technology,TEC-AC-5222,3.0,187.3391,562.02
20051,2023-04-11,Mikko Laine,69957,Tampere,Pirkanmaa,Finland,Same Day,5044.57,6272.65,0.2,1254.53,26.45,5044.57,FI-2012-MI6901533-44892,"Executive Leather Chair, Black",Chairs,Furniture,FUR-CH-6752,10.0,323.2498,3232.5
20111,2023-04-03,Sofia Müller,54882,Helsinki,Uusimaa,Finland,First Class,834.11,788.1,,,46.01,834.11,FI-2013-SO8062546-48619,,Paper,Office Supplies,OFF-PA-9821,1.0,14.7525,14.75
20019,2024-03-25,Daniel Romero,22704,Ho Chi Minh City,Ho Chi Minh,Vietnam,Same Day,2825.78,2998.13,0.075,224.86,52.51,2825.78,VI-2014-DA8106470-46735,"Storage Ottoman, Fabric",Furnishings,Furniture,FUR-FU-6818,3.0,134.247,402.74
20126,2023-03-17,Nguyen Minh Anh,59607,Turku,Southwest Finland,Finland,Second Class,6015.22,6319.6,0.05,315.98,11.6,6015.22,FI-2013-NG5286905-44742,"Archive Storage Box, Letter Size",Storage,Office Supplies,OFF-ST-8322,1.0,10.2403,10.24
20041,2025-07-10,Corey Catlett,98778,New York,New York,United States,Second Class,5160.81,5677.73,0.1,567.77,50.85,5160.81,UN-2016-CO6049101-46653,"Storage Ottoman, Fabric",Furnishings,Furniture,FUR-FU-8598,1.0,161.5561,161.56
20094,2024-07-07,David Philippe,96535,Tampere,Pirkanmaa,Finland,Second Class,1997.25,2138.6,0.075,160.39,19.04,1997.25,FI-2013-DA8736811-44161,"Wireless Headset, Noise Cancelling",Accessories,Technology,TEC-AC-6527,4.0,172.5674,690.27
20182,2023-06-02,Corey Catlett,16705,Ho Chi Minh City,Ho Chi Minh,Vietnam,Second Class,1054.7,1104.83,0.075,82.86,32.73,1054.7,VI-2014-CO5841933-41204,"Copy Paper, A4 (500 sheets)",Paper,Office Supplies,OFF-PA-7631,1.0,3.9493,3.95
20013,2024-01-09,Aaron Bergman,41274,Turku,Southwest Finland,Finland,First Class,492.03,480.88,,,11.15,492.03,FI-2016-AA6438436-48005,"A4 Lever-Arch Binder, 5cm Spine (Blue)",Binders,Office Supplies,OFF-BI-4739,3.0,5.1688,15.51
20096,2024-07-26,David Philippe,49599,Da Nang,Da Nang,Vietnam,Second Class,2670.87,2644.89,0.0,0.0,25.98,2670.87,VI-2015-DA9106886-41747,"Storage Ottoman, Fabric",Furnishings,Furniture,FUR-FU-5382,10.0,130.2502,1302.5
20070,2023-07-31,Mikko Laine,17026,Ho Chi Minh City,Ho Chi Minh,Vietnam,Second Class,4116.43,4104.92,0.0,0.0,11.51,4116.43,VI-2013-MI6097514-41395,"Bookshelf, Industrial Metal/Wood",Bookcases,Furniture,FUR-BO-8289,3.0,382.9398,1148.82
20046,2026-06-27,Elina Virtanen,52762,Helsinki,Uusimaa,Finland,First Class,300.9,313.75,0.15,47.06,34.21,300.9,FI-2015-EL3237058-47612,"Desk Organizer Tray, Bamboo",Storage,Office Supplies,OFF-ST-8377,4.0,13.3542,53.42
20055,2025-07-12,Bruce Degenhardt,20735,Ho Chi Minh City,Ho Chi Minh,Vietnam,Same Day,1494.95,1454.19,0.0,0.0,40.76,1494.95,VI-2012-BR1873851-45733,"Laptop Docking Station, USB-C",Accessories,Technology,TEC-AC-1378,1.0,213.7213,213.72
20238,2025-04-18,Sofia Müller,33535,Madrid,Madrid,Spain,Standard Class,752.65,695.79,,,56.86,752.65,SP-2014-SO2787627-41499,"USB-C Charger 65W, GaN",Accessories,Technology,TEC-AC-5122,1.0,26.5814,26.58
20048,2024-07-20,Bruce Degenhardt,78327,Ho Chi Minh City,Ho Chi Minh,Vietnam,Same Day,626.71,582.47,,,44.24,626.71,VI-2013-BR5606980-47206,"Premium Sketch Paper Pad, A4 120gsm",Art,Office Supplies,OFF-AR-2687,1.0,4.4034,4.4
20170,2025-06-17,Mikko Laine,29766,Helsinki,Uusimaa,Finland,Second Class,5147.23,5518.72,0.075,413.9,42.41,5147.23,FI-2014-MI2244282-47372,Monitor 27in IPS,Accessories,Technology,TEC-AC-8752,6.0,155.0711,930.43
20060,2023-10-04,Corey Catlett,57472,Ho Chi Minh City,Ho Chi Minh,Vietnam,Same Day,4610.79,5384.81,0.15,807.72,33.7,4610.79,VI-2013-CO8306261-42885,"Smartphone, 128GB (Midnight)",Phones,Technology,TEC-PH-7504,6.0,758.9978,4553.99
20098,2024-10-08,Nguyen Minh Anh,89684,Hamburg,Hamburg,Germany,Standard Class,1320.18,1498.38,0.15,224.76,46.56,1320.18,GE-2013-NG4189885-44106,"Ergonomic Task Chair, Mesh Back",Chairs,Furniture,FUR-CH-2702,2.0,250.7066,501.41
20085,2026-01-05,Sofia Müller,19150,Hanoi,Hanoi,Vietnam,Standard Class,3545.45,3679.28,0.05,183.96,50.13,3545.45,VI-2015-SO6702160-48318,"Ergonomic Task Chair, Mesh Back",Chairs,Furniture,FUR-CH-7387,2.0,149.6325,299.27
20218,2024-07-07,Nguyen Minh Anh,59518,Helsinki,Uusimaa,Finland,Second Class,1045.36,1002.87,0.075,75.22,58.23,1045.36,FI-2015-NG1966769-49214,"Mechanical Keyboard, TKL",Accessories,Technology,TEC-AC-5655,5.0,129.5749,647.87
20211,2025-02-11,Daniel Romero,43492,Turku,Southwest Finland,Finland,Same Day,2964.19,3698.75,0.2,739.75,5.19,2964.19,FI-2016-DA3136529-43648,"Standing Desk Converter, 32in",Tables,Furniture,FUR-TA-9630,1.0,89.7142,89.71
20202,2024-08-17,Corey Catlett,40871,Seattle,Washington,United States,Same Day,6935.9,7656.82,0.1,765.68,44.76,6935.9,UN-2014-CO6530194-44947,"USB-C Charger 65W, GaN",Accessories,Technology,TEC-AC-6846,3.0,62.5333,187.6
20086,2024-11-02,Mikko Laine,46006,Valencia,Valencian Community,Spain,Same Day,1627.8,1733.86,0.075,130.04,23.98,1627.8,SP-2013-MI8491822-48824,"Steel File Cabinet, 3-Drawer",Storage,Office Supplies,OFF-ST-9856,2.0,266.5054,533.01
20199,2025-12-28,David Philippe,45761,Hanoi,Hanoi,Vietnam,Second Class,1361.38,1566.05,0.15,234.91,30.24,1361.38,VI-2012-DA6547958-42662,"Standing Desk Converter, 32in",Tables,Furniture,FUR-TA-9835,1.0,280.8825,280.88
20174,2025-01-21,Mikko Laine,25499,Tampere,Pirkanmaa,Finland,First Class,6799.88,7114.81,0.05,355.74,40.81,6799.88,FI-2012-MI1762722-49449,"Steel File Cabinet, 3-Drawer",Storage,Office Supplies,OFF-ST-8126,6.0,297.5274,1785.16
20058,2025-04-08,Corey Catlett,20998,Valencia,Valencian Community,Spain,First Class,1576.77,1799.15,0.15,269.87,47.49,1576.77,SP-2016-CO5074336-41669,"Stapler, Heavy Duty",Fasteners,Office Supplies,OFF-FA-6073,3.0,24.7844,74.35
20078,2026-01-27,David Philippe,46459,San Francisco,California,United States,Second Class,4624.47,4593.62,,,30.85,4624.47,UN-2016-DA8312936-48056,"Dining Chair Set (2-Pack), Grey",Chairs,Furniture,FUR-CH-2467,5.0,121.5736,607.87
20136,2024-03-21,Aaron Bergman,89414,Hamburg,Hamburg,Germany,Same Day,3073.21,3310.83,0.075,248.31,10.69,3073.21,GE-2016-AA3531028-41013,Gel Pen Set (12 colors),Art,Office Supplies,OFF-AR-5256,1.0,8.25,8.25
20107,2025-08-28,Nguyen Minh Anh,57538,San Francisco,California,United States,First Class,740.53,778.77,0.075,58.41,20.17,740.53,UN-2014-NG7017548-40992,"Modular Bookcase, Walnut (6-Cube)",Bookcases,Furniture,FUR-BO-9574,1.0,267.8705,267.87
20074,2024-06-22,Bruce Degenhardt,87304,Hanoi,Hanoi,Vietnam,Second Class,1403.21,1362.59,0.0,0.0,40.62,1403.21,VI-2015-BR2925626-48922,"Archive Storage Box, Letter Size",Storage,Office Supplies,OFF-ST-9767,1.0,16.0676,16.07
20035,2024-07-22,Bruce Degenhardt,18434,Barcelona,Catalonia,Spain,First Class,142.04,126.06,0.0,0.0,15.98,142.04,SP-2015-BR1649691-47711,"Archive Storage Box, Letter Size",Storage,Office Supplies,OFF-ST-8816,2.0,3.1735,6.35
20004,2024-10-22,Mikko Laine,57400,Hanoi,Hanoi,Vietnam,Second Class,496.8,594.85,0.2,118.97,20.92,496.8,VI-2012-MI1768805-43733,Gel Pen Set (12 colors),Art,Office Supplies,123-XX-9999,10.0,7.237,72.37
20037,2026-01-08,Corey Catlett,43142,Barcelona,Catalonia,Spain,Standard Class,1515.15,1478.22,0.0,0.0,36.93,1515.15,SP-2012-CO2935113-44279,"Modular Bookcase, Walnut (6-Cube)",Bookcases,Furniture,FUR-BO-9981,3.0,201.0855,603.26
20028,2025-02-13,Daniel Romero,24010,Madrid,Madrid,Spain,Standard Class,1573.49,1923.26,0.2,384.65,34.88,1573.49,SP-2014-DA3646552-47179,Monitor 27in IPS,Accessories,Technology,TEC-AC-8161,4.0,209.9709,839.88
20003,2023-09-16,Aaron Bergman,55197,Hamburg,Hamburg,Germany,Standard Class,1781.56,1723.04,,,58.52,1781.56,GE-2012-AA8707870-48785,"Wireless Mouse, Ergonomic",Accessories,Technology,TEC-AC-7385,4.0,27.0003,108.0
20072,2023-09-21,Nguyen Minh Anh,47759,Turku,Southwest Finland,Finland,Standard Class,4082.53,4047.17,0.0,0.0,35.36,4082.53,FI-2012-NG3634980-43929,"Ergonomic Task Chair, Mesh Back",Chairs,Furniture,FUR-CH-7917,2.0,224.3186,448.64
20010,2024-01-09,Sofia Müller,99307,Berlin,Berlin,Germany,Same Day,4456.32,4776.81,0.075,358.26,37.77,4456.32,GE-2016-SO2065818-46304,"Smartphone, 256GB (Silver)",Phones,Technology,TEC-PH-5454,2.0,936.3428,1872.69
20244,2025-04-18,Aaron Bergman,67700,Ho Chi Minh City,Ho Chi Minh,Vietnam,Standard Class,262.23,235.84,0.05,11.79,38.18,262.23,VI-2015-AA3283789-44922,"Stapler, Heavy Duty",Fasteners,Office Supplies,OFF-FA-5404,4.0,13.332,53.33
20105,2023-09-17,Nguyen Minh Anh,80457,Hanoi,Hanoi,Vietnam,Second Class,1195.51,1339.16,0.15,200.87,57.22,1195.51,VI-2015-NG8610879-46078,"Ergonomic Task Chair, Mesh Back",Chairs,Furniture,FUR-CH-3988,1.0,165.2948,165.29
20227,2023-03-15,Corey Catlett,28136,Berlin,Berlin,Germany,Second Class,9893.89,9861.07,0.0,0.0,32.82,9893.89,GE-2012-CO3533857-40149,"Wireless Headset, Noise Cancelling",Accessories,Technology,TEC-AC-8460,10.0,135.0811,1350.81
20241,2024-07-11,Mikko Laine,78302,Hanoi,Hanoi,Vietnam,Second Class,2920.73,3034.29,0.05,151.71,21.56,2920.73,VI-2015-MI3843767-42274,"Wireless Mouse, Ergonomic",Accessories,Technology,TEC-AC-9060,2.0,33.8038,67.61
20091,2023-05-14,Mikko Laine,18968,Da Nang,Da Nang,Vietnam,Second Class,11063.92,11897.42,0.075,892.31,58.81,11063.92,VI-2014-MI4816586-41480,"Standing Desk Converter, 32in",Tables,Furniture,FUR-TA-1813,6.0,87.5245,525.15
20153,2024-07-06,Mikko Laine,74700,Helsinki,Uusimaa,Finland,Second Class,4509.48,4452.04,,,57.44,4509.48,FI-2012-MI9782613-45908,"Executive Leather Chair, Black",Chairs,Furniture,FUR-CH-5622,2.0,270.0282,540.06
20063,2024-09-24,Mikko Laine,26106,Barcelona,Catalonia,Spain,First Class,1975.98,1931.38,0.0,0.0,44.6,1975.98,SP-2016-MI4205394-41402,"Steel File Cabinet, 3-Drawer",Storage,Office Supplies,OFF-ST-1134,2.0,110.667,221.33
20145,2026-02-27,Nguyen Minh Anh,50562,Hanoi,Hanoi,Vietnam,Same Day,1742.11,1850.51,0.075,138.79,30.39,1742.11,VI-2013-NG7171347-49345,"Modular Bookcase, Walnut (6-Cube)",Bookcases,Furniture,FUR-BO-9086,2.0,267.0225,534.05
20064,2024-07-06,David Philippe,74332,Da Nang,Da Nang,Vietnam,Same Day,7164.96,7137.72,0.0,0.0,27.24,7164.96,VI-2012-DA2561176-44820,"Storage Ottoman, Fabric",Furnishings,Furniture,FUR-FU-9165,3.0,104.9158,314.75
20169,2025-10-14,Elina Virtanen,37109,Helsinki,Uusimaa,Finland,First Class,2878.63,3334.22,0.15,500.13,44.54,2878.63,FI-2012-EL6189037-46523,"Smartphone, 256GB (Silver)",Phones,Technology,TEC-PH-1519,3.0,510.1673,1530.5
20195,2024-06-20,Aisha Khan,33233,Turku,Southwest Finland,Finland,Same Day,1124.33,1266.99,0.15,190.05,47.39,1124.33,FI-2014-AI8925622-41647,"Smartphone, 128GB (Midnight)",Phones,Technology,TEC-PH-3393,1.0,459.9021,459.9
20196,2025-06-12,David Philippe,72695,Cologne,North Rhine-Westphalia,Germany,Second Class,1375.36,1608.36,0.15,241.25,8.25,1375.36,GE-2014-DA6388299-44676,"Premium Sketch Paper Pad, A4 120gsm",Art,Office Supplies,OFF-AR-2169,6.0,13.3432,80.06
20230,2025-02-24,Bruce Degenhardt,62023,Austin,Texas,United States,First Class,790.62,858.04,0.1,85.8,18.38,790.62,UN-2014-BR7812009-47520,"Side Table, Oak Round 45cm",Tables,Furniture,FUR-TA-5097,4.0,103.6839,414.74
20183,2023-10-31,Sofia Müller,32772,Helsinki,Uusimaa,Finland,Same Day,4909.25,5118.66,0.05,255.93,46.52,4909.25,FI-2014-SO6688907-49139,"Executive Leather Chair, Black",Chairs,Furniture,FUR-CH-5078,4.0,735.2822,2941.13
20155,2023-07-18,Aaron Bergman,41719,Munich,Bavaria,Germany,First Class,2201.44,2177.06,,,24.38,2201.44,GE-2016-AA6578736-42185,"Steel File Cabinet, 3-Drawer",Storage,Office Supplies,OFF-ST-5049,1.0,147.7212,147.72
20045,2025-05-28,Nguyen Minh Anh,29342,Ho Chi Minh City,Ho Chi Minh,Vietnam,First Class,1647.6,1598.37,0.0,0.0,49.23,1647.6,VI-2012-NG8132769-43585,"Mechanical Keyboard, TKL",Accessories,Technology,TEC-AC-2539,6.0,134.9111,809.47
20215,2025-12-27,Bruce Degenhardt,40807,Cologne,North Rhine-Westphalia,Germany,Standard Class,5198.42,5416.03,0.05,270.8,53.19,5198.42,GE-2016-BR6379867-43881,"Side Table, Oak Round 45cm",Tables,Furniture,FUR-TA-8746,4.0,89.737,358.95
20205,2025-06-30,Elina Virtanen,81812,Helsinki,Uusimaa,Finland,Second Class,1140.68,1196.36,0.075,89.73,34.05,1140.68,FI-2013-EL2373555-48609,"Storage Ottoman, Fabric",Furnishings,Furniture,FUR-FU-6293,1.0,128.083,128.08
20057,2024-08-07,Aaron Bergman,31993,San Francisco,California,United States,First Class,1013.04,1118.48,0.1,111.85,6.41,1013.04,UN-2013-AA6218367-41771,"Oak Bookcase, 5-Shelf",Bookcases,Furniture,FUR-BO-9534,1.0,291.4576,291.46
20175,2023-05-03,David Philippe,91609,Helsinki,Uusimaa,Finland,Standard Class,2321.35,2839.94,0.2,567.99,49.4,2321.35,FI-2014-DA9102469-44012,"Wireless Headset, Noise Cancelling",Accessories,Technology,TEC-AC-5895,2.0,115.6896,231.38
20164,2025-09-08,Aaron Bergman,58875,Cologne,North Rhine-Westphalia,Germany,Same Day,4499.96,4708.49,0.05,235.42,26.89,4499.96,GE-2012-AA3310140-48674,"Oak Bookcase, 5-Shelf",Bookcases,Furniture,FUR-BO-4568,1.0,283.825,283.83
20226,2023-12-13,Elina Virtanen,40003,Madrid,Madrid,Spain,Second Class,1139.29,1088.14,,,51.15,1139.29,SP-2016-EL1985360-48584,Gel Pen Set (12 colors),Art,Office Supplies,OFF-AR-6316,1.0,6.343,6.34
20207,2024-04-25,Mikko Laine,74071,Hanoi,Hanoi,Vietnam,First Class,3008.96,3239.68,0.075,242.98,12.26,3008.96,VI-2016-MI8473959-40911,"Bookshelf, Industrial Metal/Wood",Bookcases,Furniture,FUR-BO-2960,4.0,398.8204,1595.28
20168,2026-01-06,Nguyen Minh Anh,25908,Austin,Texas,United States,Second Class,6481.92,6457.07,,,24.85,6481.92,UN-2013-NG4971774-48094,"Modular Bookcase, Walnut (6-Cube)",Bookcases,Furniture,FUR-BO-1688,10.0,456.8944,4568.94
20129,2025-07-04,Bruce Degenhardt,25096,Da Nang,Da Nang,Vietnam,Same Day,235.26,222.68,0.2,44.54,57.12,235.26,VI-2012-BR6448705-42815,"Archive Storage Box, Letter Size",Storage,Office Supplies,OFF-ST-3539,3.0,17.6451,52.94
20152,2023-07-08,Daniel Romero,85613,Helsinki,Uusimaa,Finland,First Class,1043.87,1068.7,0.05,53.44,28.61,1043.87,FI-2016-DA5059048-42352,"Dining Chair Set (2-Pack), Grey",Chairs,Furniture,FUR-CH-3583,5.0,78.2803,391.4
20022,2024-06-28,Sofia Müller,63384,Berlin,Berlin,Germany,Same Day,869.03,854.97,,,14.06,869.03,GE-2015-SO4586084-46570,"Sticky Notes, 76x76mm (Pack of 12)",Paper,Office Supplies,OFF-PA-6544,1.0,4.9564,4.96
20082,2023-11-25,Bruce Degenhardt,36713,Valencia,Valencian Community,Spain,Same Day,1481.38,1829.03,0.2,365.81,18.16,1481.38,SP-2012-BR1484348-49975,"Wireless Headset, Noise Cancelling",Accessories,Technology,TEC-AC-3521,6.0,206.2079,1237.25
20120,2023-10-09,Aaron Bergman,82910,Hanoi,Hanoi,Vietnam,Standard Class,2448.94,2399.54,0.0,0.0,49.4,2448.94,VI-2012-AA5673599-49406,"Standing Desk Converter, 32in",Tables,Furniture,FUR-TA-8992,2.0,187.6915,375.38
20068,2024-09-13,Aisha Khan,17261,Cologne,North Rhine-Westphalia,Germany,Standard Class,369.43,454.7,0.2,90.94,5.67,369.43,GE-2013-AI9235577-41680,"Stapler, Heavy Duty",Fasteners,Office Supplies,OFF-FA-6690,5.0,0.0,172.97
20233,2024-09-07,Aisha Khan,29844,Helsinki,Uusimaa,Finland,Standard Class,1988.8,2458.12,0.2,491.62,22.3,1988.8,FI-2016-AI1552000-42938,"Modular Bookcase, Walnut (6-Cube)",Bookcases,Furniture,FUR-BO-7189,3.0,431.4916,1294.47
20179,2024-07-22,Sofia Müller,63017,Helsinki,Uusimaa,Finland,Standard Class,2291.87,2512.44,0.1,251.24,30.67,2291.87,FI-2013-SO3673322-48163,"Bookshelf, Industrial Metal/Wood",Bookcases,Furniture,FUR-BO-1646,5.0,367.051,1835.26
20122,2025-05-30,Daniel Romero,28596,New York,New York,United States,First Class,654.29,676.97,0.075,50.77,28.09,654.29,UN-2012-DA9900022-43524,"Stapler, Heavy Duty",Fasteners,Office Supplies,OFF-FA-5828,6.0,33.1845,199.11
20154,2026-01-04,Elina Virtanen,22765,Tampere,Pirkanmaa,Finland,Same Day,1293.48,1341.61,0.05,67.08,18.95,1293.48,FI-2015-EL1730386-46338,"Side Table, Oak Round 45cm",Tables,Furniture,FUR-TA-4057,6.0,58.0281,348.17
20193,2023-12-26,Bruce Degenhardt,15513,Ho Chi Minh City,Ho Chi Minh,Vietnam,Standard Class,3137.81,3669.07,0.15,550.36,19.1,3137.81,VI-2012-BR6811015-47247,"Mechanical Keyboard, TKL",Accessories,Technology,TEC-AC-8674,2.0,162.1343,324.27
20073,2025-06-15,David Philippe,87833,Seattle,Washington,United States,Same Day,837.83,835.74,0.05,41.79,43.88,837.83,UN-2014-DA1547605-43792,"Sticky Notes, 76x76mm (Pack of 12)",Paper,Office Supplies,OFF-PA-3627,1.0,12.4982,12.5
20190,2025-04-11,Aaron Bergman,32699,Da Nang,Da Nang,Vietnam,Same Day,2273.34,2348.6,0.05,117.43,42.17,2273.34,VI-2016-AA6743294-48950,"Steel File Cabinet, 3-Drawer",Storage,Office Supplies,OFF-ST-5844,2.0,264.146,528.29
20234,2025-05-25,Daniel Romero,49227,New York,New York,United States,Second Class,2812.64,3451.15,0.2,690.23,51.72,2812.64,UN-2016-DA5034453-49284,"Steel File Cabinet, 3-Drawer",Storage,Office Supplies,OFF-ST-1011,6.0,208.8748,1253.25
20053,2024-02-03,David Philippe,26728,Da Nang,Da Nang,Vietnam,First Class,11619.48,13636.37,0.15,2045.46,28.57,11619.48,VI-2015-DA1454696-41375,"Executive Desk, L-Shape (Espresso)",Tables,Furniture,FUR-TA-1306,10.0,849.7805,8497.81
20049,2025-01-17,Aaron Bergman,80799,Austin,Texas,United States,First Class,6513.8,6995.28,0.075,524.65,43.17,6513.8,UN-2013-AA3530518-43788,"Smartphone, 128GB (Midnight)",Phones,Technology,TEC-PH-4912,3.0,732.6021,2197.81
20065,2025-03-26,David Philippe,82545,Austin,Texas,United States,Standard Class,955.97,1089.42,0.15,163.41,29.96,955.97,UN-2015-DA6549757-45764,"USB-C Charger 65W, GaN",Accessories,Technology,TEC-AC-9830,4.0,25.4428,101.77
20018,2026-01-17,Nguyen Minh Anh,26251,Madrid,Madrid,Spain,Same Day,1800.35,1965.95,0.1,196.6,31.0,1800.35,SP-2013-NG3219824-49355,"USB-C Charger 65W, GaN",Accessories,Technology,TEC-AC-9151,6.0,23.4772,140.86
20216,2025-06-25,Bruce Degenhardt,56164,Turku,Southwest Finland,Finland,First Class,1779.45,1941.32,0.1,194.13,32.26,1779.45,FI-2016-BR3938247-46999,"Storage Ottoman, Fabric",Furnishings,Furniture,FUR-FU-6285,4.0,129.7266,518.91
20220,2023-06-15,Bruce Degenhardt,59551,Cologne,North Rhine-Westphalia,Germany,First Class,5495.42,6415.87,0.15,962.38,41.93,5495.42,GE-2012-BR4156856-49626,"Executive Leather Chair, Black",Chairs,Furniture,FUR-CH-2577,6.0,654.4015,3926.41
20023,2024-08-26,David Philippe,47503,Hamburg,Hamburg,Germany,Same Day,4915.6,4894.28,0.0,0.0,21.32,4915.6,GE-2016-DA9164991-42536,"Oak Bookcase, 5-Shelf",Bookcases,Furniture,FUR-BO-3126,1.0,564.3368,564.34
20014,2024-07-04,Aisha Khan,23786,Barcelona,Catalonia,Spain,First Class,2209.86,2719.45,0.2,543.89,34.3,2209.86,SP-2012-AI9153566-41133,"Side Table, Oak Round 45cm",Tables,Furniture,FUR-TA-2753,5.0,43.2036,216.02
20039,2024-08-04,Aisha Khan,77254,Turku,Southwest Finland,Finland,First Class,6791.6,7332.7,0.075,549.95,8.85,6791.6,FI-2016-AI4305700-45967,"Oak Bookcase, 5-Shelf",Bookcases,Furniture,FUR-BO-7366,5.0,411.3614,2056.81
20030,2024-09-09,Bruce Degenhardt,99376,Turku,Southwest Finland,Finland,Second Class,3336.45,3671.76,0.1,367.18,31.87,3336.45,FI-2014-BR4415796-44325,"Wireless Mouse, Ergonomic",Accessories,Technology,TEC-AC-5193,1.0,36.9121,36.91
20015,2025-10-30,Elina Virtanen,31644,New York,New York,United States,Standard Class,8011.73,8850.21,0.1,885.02,46.54,8011.73,UN-2016-EL8099076-43470,"Sticky Notes, 76x76mm (Pack of 12)",Paper,Office Supplies,OFF-PA-2161,1.0,18.8834,18.88
20138,2025-03-16,Aaron Bergman,57179,Turku,Southwest Finland,Finland,Same Day,522.43,474.02,,,48.41,522.43,FI-2015-AA6676858-49795,"Side Table, Oak Round 45cm",Tables,Furniture,FUR-TA-9051,1.0,69.4656,69.47
20034,2025-02-23,Elina Virtanen,63265,Seattle,Washington,United States,Second Class,7905.04,8539.11,0.075,640.43,6.36,7905.04,UN-2013-EL3726327-42900,"Wireless Headset, Noise Cancelling",Accessories,Technology,TEC-AC-1994,3.0,157.1842,471.55
20210,2023-12-04,Corey Catlett,59081,Hanoi,Hanoi,Vietnam,Same Day,4738.99,4696.44,,,42.55,4738.99,VI-2015-CO7333337-46154,Monitor 27in IPS,Accessories,Technology,TEC-AC-7814,3.0,362.3899,1087.17
20189,2025-06-24,Nguyen Minh Anh,63788,Hanoi,Hanoi,Vietnam,Same Day,2720.95,2685.1,0.0,0.0,35.85,2720.95,VI-2012-NG3316639-48498,"Oak Bookcase, 5-Shelf",Bookcases,Furniture,FUR-BO-5355,6.0,197.8874,1187.32
20177,2024-12-01,Aaron Bergman,65368,Turku,Southwest Finland,Finland,Same Day,3453.3,3824.96,0.1,382.5,10.84,3453.3,FI-2013-AA7216632-48437,"Ergonomic Task Chair, Mesh Back",Chairs,Furniture,FUR-CH-5979,1.0,335.5969,335.6
20187,2024-11-21,Aisha Khan,88238,Da Nang,Da Nang,Vietnam,Same Day,3742.02,4122.89,0.1,412.29,31.42,3742.02,VI-2014-AI4817541-40841,"Desk Organizer Tray, Bamboo",Storage,Office Supplies,OFF-ST-2591,1.0,31.2055,31.21
20090,2025-10-18,Bruce Degenhardt,54376,Seattle,Washington,United States,Same Day,663.68,655.35,0.075,49.15,57.48,663.68,UN-2012-BR6512415-48742,"Stapler, Heavy Duty",Fasteners,Office Supplies,OFF__ST__1234,2.0,13.5317,27.06
20198,2023-03-20,Bruce Degenhardt,45222,Madrid,Madrid,Spain,First Class,745.8,836.38,0.15,125.46,34.88,745.8,SP-2014-BR5774152-47444,"USB-C Charger 65W, GaN",Accessories,Technology,TEC-AC-5075,10.0,49.3929,493.93
20231,2023-08-14,Aisha Khan,22256,Austin,Texas,United States,Same Day,3574.49,3855.57,0.075,289.17,8.09,3574.49,UN-2015-AI7327855-49055,"Executive Desk, L-Shape (Espresso)",Tables,Furniture,FUR-TA-7802,1.0,786.3984,786.4
20224,2024-05-28,Sofia Müller,12125,Hanoi,Hanoi,Vietnam,Standard Class,2701.51,2685.72,0.0,0.0,15.79,2701.51,VI-2016-SO8005797-44836,"Copy Paper, A4 (500 sheets)",Paper,Office Supplies,OFF-PA-6864,5.0,11.4306,57.15
20156,2024-02-23,David Philippe,39362,Valencia,Valencian Community,Spain,Second Class,1019.07,997.93,,,21.14,1019.07,SP-2013-DA2058651-47498,Gel Pen Set (12 colors),Art,Office Supplies,OFF-AR-2705,1.0,15.0945,15.09
20080,2025-09-18,Daniel Romero,61324,Turku,Southwest Finland,Finland,Standard Class,1126.21,1366.14,0.2,273.23,33.3,1126.21,FI-2014-DA2944841-46622,"Stapler, Heavy Duty",Fasteners,Office Supplies,OFF-FA-7579,6.0,19.163,114.98
20135,2025-03-26,Bruce Degenhardt,20172,Berlin,Berlin,Germany,First Class,6442.57,6925.03,0.075,519.38,36.92,6442.57,GE-2016-BR9507186-46299,"Executive Desk, L-Shape (Espresso)",Tables,Furniture,FUR-TA-9747,10.0,560.1085,5601.09
20125,2023-10-15,Bruce Degenhardt,46872,Barcelona,Catalonia,Spain,Same Day,2266.66,2239.92,0.0,0.0,26.74,2266.66,SP-2016-BR6174418-40744,"Binder Clips, Medium (Box of 100)",Fasteners,Office Supplies,OFF-FA-6163,6.0,7.9402,47.64
20067,2026-02-08,Mikko Laine,47093,Ho Chi Minh City,Ho Chi Minh,Vietnam,First Class,8444.63,8873.43,0.05,443.67,14.87,8444.63,VI-2013-MI5970190-43727,"A4 Lever-Arch Binder, 5cm Spine (Blue)",Binders,Office Supplies,OFF-BI-7090,4.0,9.6418,38.57
20208,2023-06-28,Elina Virtanen,70604,Ho Chi Minh City,Ho Chi Minh,Vietnam,Standard Class,418.3,516.41,0.2,103.28,-12.34,418.3,VI-2012-EL7642917-44169,Gel Pen Set (12 colors),Art,Office Supplies,OFF-AR-6299,10.0,7.3701,73.7
20117,2024-12-01,Bruce Degenhardt,32531,Barcelona,Catalonia,Spain,Second Class,1828.5,2273.5,0.2,454.7,9.7,1828.5,SP-2015-BR2126310-41494,"Stapler, Heavy Duty",Fasteners,Office Supplies,OFF-FA-4504,4.0,35.8626,143.45
20160,2025-07-30,Mikko Laine,33652,Hanoi,Hanoi,Vietnam,Standard Class,2749.32,2850.5,0.05,142.53,41.35,2749.32,VI-2014-MI2721307-41311,"Tablet 10in, 64GB",Accessories,Technology,TEC-AC-5162,3.0,535.8112,1607.43
20083,2023-03-30,Elina Virtanen,63477,Austin,Texas,United States,First Class,2778.98,2738.36,,,40.62,2778.98,UN-2013-EL2903561-47560,"Steel File Cabinet, 3-Drawer",Storage,Office Supplies,OFF-ST-7505,1.0,326.9465,326.95
20093,2026-02-21,Corey Catlett,84178,New York,New York,United States,Second Class,1665.66,1791.96,0.1,179.2,52.9,1665.66,UN-2013-CO3937176-41293,"Storage Ottoman, Fabric",Furnishings,Furniture,FUR-FU-1267,6.0,58.912,353.47
20166,2025-08-31,Nguyen Minh Anh,48100,Valencia,Valencian Community,Spain,Standard Class,536.69,414.56,0.0,0.0,51.91,536.69,SP-2015-NG4358435-42009,Monitor 27in IPS,Accessories,Technology,TEC-AC-5945,1.0,224.0935,224.09
20137,2023-08-21,Elina Virtanen,50345,Valencia,Valencian Community,Spain,Second Class,474.38,476.28,0.075,35.72,33.82,474.38,SP-2012-EL5156449-47172,"Dining Chair Set (2-Pack), Grey",Chairs,Furniture,FUR-CH-4519,3.0,64.3403,193.02
20213,2023-05-06,Corey Catlett,90600,Seattle,Washington,United States,First Class,7494.99,7457.32,,,37.67,7494.99,UN-2013-CO4457475-41102,"Laptop 14in, 16GB RAM",Computers,Technology,TEC-CO-5521,6.0,1135.7079,6814.25
20228,2025-11-15,David Philippe,9031,Madrid,Madrid,Spain,First Class,1708.33,1674.21,,,34.12,1708.33,SP-2016-DA7901115-40194,"Copy Paper, A4 (500 sheets)",Paper,Office Supplies,OFF-PA-3534,1.0,3.4528,3.45
20016,2025-05-27,Aaron Bergman,67423,Austin,Texas,United States,Same Day,486.52,462.93,,,23.59,486.52,UN-2012-AA5159166-43681,"Binder Clips, Medium (Box of 100)",Fasteners,Office Supplies,OFF-FA-3557,1.0,2.8549,2.85
20071,2024-06-06,Elina Virtanen,59856,Da Nang,Da Nang,Vietnam,Same Day,2643.26,2834.01,0.075,212.55,21.8,2643.26,VI-2015-EL5988757-49642,Monitor 27in IPS,Accessories,Technology,TEC-AC-5093,2.0,211.7483,423.5
20201,2026-01-20,Aaron Bergman,21368,Ho Chi Minh City,Ho Chi Minh,Vietnam,Same Day,7266.48,7831.01,0.075,587.33,22.8,7266.48,VI-2012-AA4100114-42303,"Storage Ottoman, Fabric",Furnishings,Furniture,FUR-FU-2505,10.0,95.9718,959.72
20054,2023-06-12,Bruce Degenhardt,59689,Hanoi,Hanoi,Vietnam,Standard Class,637.93,622.17,0.05,31.11,46.87,637.93,VI-2013-BR8628588-45355,"Tablet 10in, 64GB",Accessories,Technology,TEC-AC-4562,1.0,447.7248,447.72
20001,2024-06-20,Elina Virtanen,89022,Cologne,North Rhine-Westphalia,Germany,First Class,5591.09,6025.91,0.075,451.94,17.12,5591.09,GE-2016-EL4335942-48928,"Smartphone, 256GB (Silver)",Phones,Technology,TEC-PH-8905,1.0,816.2073,816.21
20099,2023-05-21,Bruce Degenhardt,67780,Seattle,Washington,United States,First Class,3923.59,3868.56,,,55.03,3923.59,UN-2016-BR7121355-42153,Monitor 27in IPS,Accessories,Technology,TEC-AC-2562,10.0,319.8313,3198.31
20172,2024-06-05,Aaron Bergman,42007,Valencia,Valencian Community,Spain,Standard Class,2553.77,2936.67,0.15,440.5,57.6,2553.77,SP-2012-AA5204459-43216,"Oak Bookcase, 5-Shelf",Bookcases,Furniture,FUR-BO-7251,1.0,523.2536,523.25
20151,2023-10-15,Bruce Degenhardt,41148,San Francisco,California,United States,Standard Class,2662.76,2835.26,0.075,212.64,40.14,2662.76,UN-2012-BR1801102-43906,"Tablet 10in, 64GB",Accessories,Technology,TEC-AC-6478,3.0,505.5232,1516.57
20243,2025-12-11,Mikko Laine,48415,Madrid,Madrid,Spain,Second Class,1520.48,1594.85,0.05,79.74,5.37,1520.48,SP-2015-MI2794698-42219,Gel Pen Set (12 colors),Art,Office Supplies,OFF-AR-7824,1.0,16.177,16.18
20050,2025-06-28,Corey Catlett,53370,Seattle,Washington,United States,Same Day,2164.13,2670.02,0.2,534.0,28.11,2164.13,UN-2015-CO2044645-43388,"Dining Chair Set (2-Pack), Grey",Chairs,Furniture,FUR-CH-1187,4.0,70.8256,283.3
20157,2023-05-26,Aaron Bergman,50757,Cologne,North Rhine-Westphalia,Germany,Same Day,2135.62,2089.19,,,46.43,2135.62,GE-2016-AA8942330-44150,"Desk Organizer Tray, Bamboo",Storage,Office Supplies,OFF-ST-1674,3.0,25.2778,75.83
20007,2024-12-25,Aisha Khan,50121,Turku,Southwest Finland,Finland,First Class,3042.25,3025.65,,,16.6,3042.25,FI-2014-AI7730428-44386,"Standing Desk Converter, 32in",Tables,Furniture,FUR-TA-6354,6.0,317.2413,1903.45
20101,2025-11-12,Bruce Degenhardt,54397,Austin,Texas,United States,First Class,2590.98,3166.02,0.2,633.2,58.16,2590.98,UN-2015-BR2263313-42306,"Standing Desk Converter, 32in",Tables,Furniture,FURBO5779,4.0,410.1537,1640.61
20240,2023-04-24,Daniel Romero,56388,Hanoi,Hanoi,Vietnam,First Class,1862.32,1841.27,,,21.05,1862.32,VI-2016-DA6443037-46311,"Smartphone, 128GB (Midnight)",Phones,Technology,TEC-PH-9269,1.0,433.2514,433.25
20163,2025-08-15,Aisha Khan,36645,Tampere,Pirkanmaa,Finland,First Class,2159.83,2273.09,0.075,170.48,57.22,2159.83,GE-2013-EL5152562-47546,"Storage Ottoman, Fabric",Furnishings,Furniture,FUR-FU-7460,1.0,58.5065,58.51
20167,2025-08-29,Daniel Romero,51889,Hanoi,Hanoi,Vietnam,Standard Class,4985.74,6215.1,0.2,1243.02,13.66,4985.74,VI-2012-DA5871470-44914,"Ergonomic Task Chair, Mesh Back",Chairs,Furniture,FUR-CH-8796,10.0,283.7819,2837.82
20047,2024-12-10,David Philippe,86262,Tampere,Pirkanmaa,Finland,Same Day,1146.34,1287.01,0.15,193.05,52.38,1146.34,FI-2016-DA8481188-42607,"Stapler, Heavy Duty",Fasteners,Office Supplies,OFF-FA-7540,2.0,9.3181,18.64
20161,2025-07-21,Sofia Müller,37092,Barcelona,Catalonia,Spain,Standard Class,781.83,802.15,0.1,80.22,59.9,781.83,SP-2015-SO1710601-45776,"Desk Organizer Tray, Bamboo",Storage,Office Supplies,OFF-ST-8118,1.0,32.3851,32.39
20103,2025-04-20,Aaron Bergman,15101,Valencia,Valencian Community,Spain,Second Class,1455.4,1473.75,0.05,73.69,55.34,1455.4,SP-2015-AA1419843-49198,"Archive Storage Box, Letter Size",Storage,Office Supplies,OFF-ST-4245,5.0,10.5111,52.56
20059,2023-05-25,Aaron Bergman,89927,Turku,Southwest Finland,Finland,Same Day,3067.52,3580.88,0.15,537.13,23.77,3067.52,FI-2014-AA2156902-48289,"Copy Paper, A4 (500 sheets)",Paper,Office Supplies,OFF-PA-4212,6.0,10.392,62.35
20223,2025-03-07,Elina Virtanen,40590,Barcelona,Catalonia,Spain,Same Day,3029.73,3004.34,0.0,0.0,25.39,3029.73,SP-2012-EL8876742-45246,"Mechanical Keyboard, TKL",Accessories,Technology,TEC-AC-9589,2.0,77.7125,155.43
20109,2024-04-29,Mikko Laine,38306,Seattle,Washington,United States,Second Class,2032.23,2011.98,,,20.25,2032.23,UN-2014-MI3475548-49764,"Bookshelf, Industrial Metal/Wood",Bookcases,Furniture,FUR-BO-8046,3.0,358.6241,1075.87
20143,2026-02-12,Aisha Khan,64240,Tampere,Pirkanmaa,Finland,Second Class,1102.11,1087.16,0.0,0.0,14.95,1102.11,FI-2016-AI7320310-42527,"Copy Paper, A4 (500 sheets)",Paper,Office Supplies,OFF-PA-2467,1.0,11.061,11.06
20242,2023-07-09,Sofia Müller,66973,Hanoi,Hanoi,Vietnam,Standard Class,10044.68,12544.31,0.2,2508.86,9.23,10044.68,VI-2015-SO6029008-47933,Gel Pen Set (12 colors),Art,Office Supplies,OFF-AR-6984,3.0,6.6669,20.0
20040,2024-12-03,Daniel Romero,27682,Valencia,Valencian Community,Spain,Standard Class,1112.68,1284.02,0.15,192.6,21.26,1112.68,SP-2015-DA6472441-46592,"Binder Clips, Medium (Box of 100)",Fasteners,Office Supplies,OFF-FA-1396,2.0,2.1848,4.37
20141,2026-02-12,Daniel Romero,50338,Madrid,Madrid,Spain,Same Day,9049.31,9502.44,0.05,475.12,21.99,9049.31,SP-2016-DA7070468-40298,"Binder Clips, Medium (Box of 100)",Fasteners,Office Supplies,OFF-FA-8245,10.0,2.0207,20.21
20044,2023-06-04,Nguyen Minh Anh,72278,Seattle,Washington,United States,First Class,3251.81,3207.3,0.0,0.0,44.51,3251.81,UN-2015-NG7953166-49431,"Oak Bookcase, 5-Shelf",Bookcases,Furniture,FUR-BO-4825,2.0,481.5581,963.12
20232,2023-08-18,David Philippe,66988,Cologne,North Rhine-Westphalia,Germany,Standard Class,1292.05,1274.41,,,17.64,1292.05,GE-2016-DA2599906-48653,"Standing Desk Converter, 32in",Tables,Furniture,FUR-TA-2405,1.0,331.4578,331.46
20062,2025-04-16,Aaron Bergman,13762,San Francisco,California,United States,Same Day,1011.64,987.12,0.0,0.0,24.52,1011.64,UN-2014-AA4050766-47988,"Dining Chair Set (2-Pack), Grey",Chairs,Furniture,FUR-CH-3419,2.0,62.7467,125.49
20042,2024-05-05,Corey Catlett,46010,Barcelona,Catalonia,Spain,Standard Class,568.26,648.84,0.15,97.33,16.75,568.26,SP-2015-CO8411939-47244,"Wireless Mouse, Ergonomic",Accessories,Technology,TEC-AC-2823,2.0,42.6042,85.21
20221,2024-05-02,Aaron Bergman,49740,San Francisco,California,United States,First Class,2323.86,2663.39,0.15,399.51,59.98,2323.86,UN-2013-AA4188068-41922,"Modular Bookcase, Walnut (6-Cube)",Bookcases,Furniture,FUR-BO-6437,2.0,0.0,876.41
20239,2024-09-04,Daniel Romero,27367,Ho Chi Minh City,Ho Chi Minh,Vietnam,First Class,613.85,642.6,0.1,64.26,35.51,613.85,VI-2013-DA8230636-47353,"Side Table, Oak Round 45cm",Tables,Furniture,FUR-TA-4339,6.0,74.7103,448.26
20245,2024-12-04,Sofia Müller,62199,San Francisco,California,United States,Standard Class,1806.41,2235.1,0.2,447.02,18.33,1806.41,UN-2014-SO9237735-49435,"Bookshelf, Industrial Metal/Wood",Bookcases,Furniture,FUR-BO-9991,5.0,334.8712,1674.36
20204,2023-10-28,Bruce Degenhardt,32088,Valencia,Valencian Community,Spain,Second Class,2073.8,2043.78,0.0,0.0,30.02,2073.8,SP-2013-BR3240912-47834,"Standing Desk Converter, 32in",Tables,Furniture,FUR-TA-1301,4.0,278.2217,1112.89
20005,2023-09-24,Corey Catlett,46549,Cologne,North Rhine-Westphalia,Germany,Same Day,4636.52,4863.16,0.05,243.16,16.52,4636.52,GE-2014-CO3728882-46065,"USB-C Charger 65W, GaN",Accessories,Technology,TEC-AC-9631,1.0,29.0501,29.05
20209,2023-06-02,Corey Catlett,55159,Seattle,Washington,United States,First Class,13684.27,14786.51,0.075,1108.99,6.75,13684.27,UN-2016-CO2010921-41130,"Oak Bookcase, 5-Shelf",Bookcases,Furniture,FUR-BO-5653,2.0,527.2429,1054.49
20181,2025-10-20,Bruce Degenhardt,43173,Barcelona,Catalonia,Spain,First Class,2774.21,2872.84,0.05,143.64,45.01,2774.21,SP-2012-BR8229768-42194,"Sticky Notes, 76x76mm (Pack of 12)",Paper,Office Supplies,OFF-PA-5444,1.0,11.4394,11.44
20249,2023-05-16,Aaron Bergman,80373,Da Nang,Da Nang,Vietnam,First Class,2104.8,2064.22,0.0,0.0,40.58,2104.8,VI-2012-AA5164624-45816,"Modular Bookcase, Walnut (6-Cube)",Bookcases,Furniture,FUR-BO-2091,4.0,403.9603,1615.84
20076,2025-06-03,Bruce Degenhardt,40799,Valencia,Valencian Community,Spain,Same Day,4288.28,4234.36,,,53.92,4288.28,SP-2015-BR2349590-49798,"USB-C Charger 65W, GaN",Accessories,Technology,TEC-AC-6901,1.0,16.0493,16.05
20017,2024-06-15,Mikko Laine,48964,Tampere,Pirkanmaa,Finland,First Class,8880.32,8825.52,,,54.8,8880.32,FI-2012-MI1987737-43750,"Laptop Docking Station, USB-C",Accessories,Technology,TEC-AC-7332,2.0,256.5648,513.13
20081,2025-06-25,Aisha Khan,34701,Hamburg,Hamburg,Germany,Standard Class,2962.34,3693.12,0.2,738.62,7.84,2962.34,GE-2016-AI9363326-47242,"Desk Organizer Tray, Bamboo",Storage,Office Supplies,OFF-ST-2631,3.0,23.5092,70.53
20115,2024-12-26,Corey Catlett,98401,Tampere,Pirkanmaa,Finland,Standard Class,5410.3,5837.68,0.075,437.83,10.45,5410.3,FI-2015-CO9481739-49919,"Sticky Notes, 76x76mm (Pack of 12)",Paper,Office Supplies,OFF-PA-9709,1.0,6.9827,6.98
20178,2023-11-07,Bruce Degenhardt,68930,San Francisco,California,United States,Second Class,1112.38,1110.93,0.05,55.55,57.0,1112.38,UN-2013-BR2624230-40829,"Desk Organizer Tray, Bamboo",Storage,Office Supplies,OFF-ST-8503,6.0,37.6432,225.86
20184,2025-12-20,Aisha Khan,15939,San Francisco,California,United States,First Class,1774.13,1937.78,0.1,193.78,30.13,1774.13,UN-2013-AI6587495-47761,"Modular Bookcase, Walnut (6-Cube)",Bookcases,Furniture,FUR-BO-1651,2.0,516.5761,1033.15
20112,2025-03-12,Elina Virtanen,87812,Ho Chi Minh City,Ho Chi Minh,Vietnam,First Class,878.12,967.48,0.1,96.75,7.39,878.12,VI-2015-EL9453010-43629,"Storage Ottoman, Fabric",Furnishings,Furniture,FUR-FU-6465,5.0,95.076,475.38
20024,2024-12-03,Aisha Khan,16687,Berlin,Berlin,Germany,Same Day,2569.68,2511.84,,,57.84,2569.68,GE-2016-AI9910817-42579,"Executive Desk, L-Shape (Espresso)",Tables,Furniture,FUR-TA-1301,3.0,729.0179,2187.05
20121,2023-04-24,Mikko Laine,55154,Tampere,Pirkanmaa,Finland,First Class,4228.67,4425.64,0.05,221.28,24.31,4228.67,FI-2013-MI5584716-45062,"Binder Clips, Medium (Box of 100)",Fasteners,Office Supplies,OFF-FA-5953,2.0,7.972,15.94
20206,2023-10-17,Aisha Khan,43891,Madrid,Madrid,Spain,Second Class,129.17,81.23,0.05,4.06,52.0,129.17,SP-2016-AI3514105-42695,"Desk Organizer Tray, Bamboo",Storage,Office Supplies,OFF-ST-5519,1.0,28.0254,28.03
20214,2023-06-09,Nguyen Minh Anh,15798,Da Nang,Da Nang,Vietnam,Same Day,4194.43,4147.94,0.0,0.0,46.49,4194.43,VI-2015-NG4931560-48843,Monitor 27in IPS,Accessories,Technology,TEC-AC-7343,1.0,404.3583,404.36
20133,2025-12-07,David Philippe,84004,Cologne,North Rhine-Westphalia,Germany,Same Day,471.69,442.5,0.0,0.0,29.19,471.69,GE-2016-DA6422534-45179,"Bookshelf, Industrial Metal/Wood",Bookcases,Furniture,FUR-BO-4695,1.0,226.5877,226.59
20052,2024-05-26,David Philippe,38760,Da Nang,Da Nang,Vietnam,Standard Class,414.06,422.24,0.075,31.67,23.49,414.06,VI-2015-DA9147720-40475,"Premium Sketch Paper Pad, A4 120gsm",Art,Office Supplies,OFF-AR-3248,1.0,19.0576,19.06
20200,2024-03-17,Aisha Khan,30093,Valencia,Valencian Community,Spain,Standard Class,871.64,910.61,0.1,91.06,52.09,871.64,SP-2016-AI4240708-42875,"Desk Organizer Tray, Bamboo",Storage,Office Supplies,OFF-ST-4726,4.0,15.6915,62.77
20116,2025-07-29,David Philippe,40064,Cologne,North Rhine-Westphalia,Germany,Same Day,3121.56,3325.87,0.075,249.44,45.13,3121.56,GE-2014-DA8608449-46532,"Standing Desk Converter, 32in",Tables,Furniture,FUR-TA-7987,2.0,389.31,778.62
20087,2025-04-12,David Philippe,62276,Tampere,Pirkanmaa,Finland,Second Class,4879.63,6039.98,0.2,1208.0,47.65,4879.63,FI-2013-DA7425184-43826,"A4 Lever-Arch Binder, 5cm Spine (Blue)",Binders,Office Supplies,OFF-BI-8359,6.0,3.3177,19.91
20079,2024-12-18,Daniel Romero,ABCDE,Ho Chi Minh City,Ho Chi Minh,Vietnam,Standard Class,3584.35,4149.83,0.15,622.47,56.99,3584.35,VI-2015-DA9312590-44722,"Wireless Headset, Noise Cancelling",Accessories,Technology,TEC-AC-3270,10.0,153.6843,1536.84
20089,2025-08-19,Daniel Romero,42469,Madrid,Madrid,Spain,Same Day,2894.28,3566.59,0.2,713.32,41.01,2894.28,SP-2012-DA3418526-46717,"Smartphone, 256GB (Silver)",Phones,Technology,TEC-PH-4314,1.0,681.7488,681.75
20036,2024-11-16,Nguyen Minh Anh,39219,,Ho Chi Minh,Vietnam,First Class,2929.96,3028.86,0.05,151.44,52.54,2929.96,VI-2013-NG7685149-45378,"Wireless Mouse, Ergonomic",Accessories,Technology,TEC-AC-9582,1.0,41.2444,41.24
20186,2025-11-29,Mikko Laine,59394,Tampere,Pirkanmaa,Finland,Same Day,4593.28,5390.88,0.15,808.63,11.03,4593.28,FI-2012-MI7180018-45427,"Tablet 10in, 64GB",Accessories,Technology,TEC-AC-3378,10.0,519.3315,5193.32
20029,2026-02-17,Aisha Khan,51770,Valencia,Valencian Community,Spain,Standard Class,4569.47,4515.54,,,53.93,4569.47,SP-2012-AI3253031-44333,"A4 Lever-Arch Binder, 5cm Spine (Blue)",Binders,Office Supplies,OFF-BI-2111,6.0,7.3296,43.98
20021,2024-09-22,David Philippe,42742,Hanoi,Hanoi,Vietnam,First Class,5723.31,6662.77,0.15,999.42,59.96,5723.31,VI-2015-DA2642635-40828,"Mechanical Keyboard, TKL",Accessories,Technology,TEC-AC-2939,1.0,87.8757,87.88
20106,2024-01-12,Corey Catlett,33078,Helsinki,Uusimaa,Finland,Same Day,4177.08,4134.11,,,42.97,4177.08,FI-2016-CO7847048-44583,Monitor 27in IPS,Accessories,Technology,TEC-AC-3384,1.0,354.3218,354.32
20075,2023-07-26,Aisha Khan,18874,Madrid,Madrid,Spain,Standard Class,4518.71,4487.93,,,30.78,4518.71,SP-2016-AI5842082-47195,Monitor 27in IPS,Accessories,Technology,TEC-AC-7783,4.0,224.9375,899.75
20026,2025-07-07,Mikko Laine,84200,Berlin,Berlin,Germany,Standard Class,3703.34,3683.73,0.0,0.0,19.61,3703.34,GE-2014-MI4426900-45147,"Mechanical Keyboard, TKL",Accessories,Technology,TEC-AC-5485,1.0,99999.9999,150.18
20123,2025-03-28,,29259,Madrid,Madrid,Spain,First Class,4288.08,5311.38,0.2,1062.28,38.98,4288.08,SP-2012-BR3610197-42579,"Executive Leather Chair, Black",Chairs,Furniture,FUR-CH-3155,1.0,198.8627,198.86
20006,2023-07-26,Mikko Laine,49614,Valencia,Valencian Community,Spain,Second Class,823.49,862.29,0.075,64.67,25.87,823.49,SP-2016-MI5107245-42677,"Sticky Notes, 76x76mm (Pack of 12)",Paper,Office Supplies,OFF-PA-5372,10.0,13.0727,130.73
20088,2025-10-25,Corey Catlett,60719,Munich,Bavaria,Germany,Second Class,2687.28,2921.32,0.1,292.13,58.09,2687.28,GE-2015-CO1621086-42068,"Dining Chair Set (2-Pack), Grey",Chairs,Furniture,FUR-CH-4804,2.0,197.4756,394.95
20038,2023-10-10,Mikko Laine,36480,Madrid,Madrid,Spain,Standard Class,3218.92,3563.96,0.1,356.4,11.36,3218.92,SP-2014-MI8321474-49932,"Binder Clips, Medium (Box of 100)",Fasteners,Office Supplies,OFF-FA-2302,5.0,1.9386,9.69
20128,2025-05-23,Aisha Khan,36589,Madrid,Madrid,Spain,First Class,705.7,752.32,0.1,75.23,28.61,705.7,SP-2015-AI2306317-45129,"Laptop Docking Station, USB-C",Accessories,Technology,TEC-AC-8680,3.0,121.276,363.83
20229,2024-10-09,Aisha Khan,40914,Valencia,Valencian Community,Spain,Same Day,4260.34,4719.06,0.1,471.91,13.19,4260.34,SP-2013-AI2795437-41578,"Premium Sketch Paper Pad, A4 120gsm",Binders,Technology,OFF-AR-9051,5.0,6.0253,30.13
20150,2025-10-24,Sofia Müller,71602,Munich,Bavaria,Germany,Same Day,5485.21,5466.13,,,19.08,5485.21,GE-2016-SO1088100-41298,"Side Table, Oak Round 45cm",Tables,Furniture,FUR-TA-4707,1.0,63.816,63.82
20246,2025-05-14,Aaron Bergman,24927,Ho Chi Minh City,Ho Chi Minh,Vietnam,Second Class,2344.6,2287.18,,,57.42,2344.6,VI-2016-AA4018677-49012,"Modular Bookcase, Walnut (6-Cube)",Bookcases,Furniture,FUR-BO-99999,4.0,215.6983,862.79
20197,2026-03-01,Aisha Khan,33061,Cologne,North Rhine-Westphalia,Germany,Same Day,1217.87,1482.03,0.2,296.41,32.25,1217.87,GE-2013-AI1609681-46504,"USB-C Charger 65W, GaN",Accessories,Technology,TEC-AC-4323,2.0,18.6375,37.28
20118,2025-04-03,Sofia Müller,82924,Hanoi,Hanoi,Vietnam,First Class,5378.29,5787.93,0.075,434.09,24.45,5378.29,VI-2016-SO6530541-42002,"Tablet 10in, 64GB",Accessories,Technology,TEC-AC-8197,10.0,361.2789,3612.79
20100,2025-06-29,Sofia Müller,21160,Valencia,Valencian Community,Spain,Second Class,218.88,181.82,0.1,18.18,55.24,218.88,SP-2016-SO7138070-48697,"A4 Lever-Arch Binder, 5cm Spine (Blue)",Binders,Office Supplies,OFF-BI-8496,2.0,6.2756,12.55
20095,2024-10-11,Elina Virtanen,30821,Hamburg,Hamburg,Germany,First Class,9466.41,9922.39,0.05,496.12,40.14,9466.41,GE-2013-EL5152562-47546,"Smartphone, 128GB (Midnight)",Phones,Technology,TEC-PH-1685,10.0,741.1991,7411.99
20114,2023-08-14,Aaron Bergman,89730,Hanoi,Hanoi,Vietnam,Second Class,605.09,628.08,0.1,62.81,39.82,605.09,VI-2012-AA3117143-44505,"Premium Sketch Paper Pad, A4 120gsm",Art,Office Supplies,OFF-AR-6126,4.0,16.4531,65.81
20235,2025-04-26,Sofia Müller,30379,Helsinki,Uusimaa,Finland,Standard Class,942.78,891.65,0.0,0.0,51.13,942.78,FI-2012-SO2638895-47161,"Mechanical Keyboard, TKL",Accessories,Technology,TEC-AC-9784,6.0,131.5882,789.53
20147,2023-09-28,Elina Virtanen,16171,Valencia,Valencian Community,Spain,Standard Class,975.26,995.1,0.075,74.63,54.79,975.26,SP-2012-EL3689594-44469,"Wireless Mouse, Ergonomic",Accessories,Technology,TEC-AC-1630,6.0,19.4335,116.6
20176,2025-09-15,Daniel Romero,17852,Ho Chi Minh City,Ho Chi Minh,Vietnam,Second Class,964.75,1025.44,0.075,76.91,16.22,964.75,VI-2015-DA7972975-47933,"Steel File Cabinet, 3-Drawer",Storage,Office Supplies,OFF-ST-1694,2.0,256.3589,512.72
20148,2023-09-05,Nguyen Minh Anh,69131,San Francisco,California,United States,Standard Class,1057.36,1107.84,0.075,83.09,32.61,1057.36,UN-2012-NG7960815-40872,"Premium Sketch Paper Pad, A4 120gsm",Art,Office Supplies,OFF-AR-1643,6.0,11.5228,69.14
20142,2025-11-21,Nguyen Minh Anh,39694,Austin,Texas,United States,Second Class,3761.01,4640.83,0.2,928.17,48.35,3761.01,UN-2013-NG2294615-44846,"Smartphone, 128GB (Midnight)",Phones,Technology,TEC-PH-1807,2.0,474.7076,949.42
20132,2023-12-29,Nguyen Minh Anh,14738,Barcelona,Catalonia,Spain,Second Class,2506.49,2770.09,0.1,277.01,13.41,2506.49,SP-2014-NG4309671-42842,"Premium Sketch Paper Pad, A4 120gsm",Art,Office Supplies,OFF-AR-5989,2.0,13.1496,26.3
20191,2025-11-17,Nguyen Minh Anh,24156,Valencia,Valencian Community,Spain,Standard Class,1798.3,1843.04,0.05,92.15,47.41,1798.3,SP-2016-NG6007984-43684,Gel Pen Set (12 colors),Art,Office Supplies,OFF-AR-5823,10.0,16.8665,168.67
20130,2025-03-12,Daniel Romero,67240,Da Nang,Da Nang,Vietnam,First Class,1559.05,1648.9,0.075,123.67,33.82,1559.05,VI-2013-DA8309439-49648,"Wireless Mouse, Ergonomic",Accessories,Technology,TEC-AC-9470,1.0,43.5234,43.52
20056,2024-07-20,Nguyen Minh Anh,12786,Berlin,Berlin,Germany,Second Class,3640.0,4269.07,0.15,640.36,11.29,3640.0,GE-2013-NG3117636-47758,"Wireless Headset, Noise Cancelling",Accessories,Technology,TEC-AC-8400,1.0,191.7558,191.76
20066,2024-06-16,Daniel Romero,20622,Barcelona,Catalonia,Spain,Standard Class,10172.99,10156.09,0.0,0.0,16.9,10172.99,SP-2012-DA9990305-43033,"Executive Leather Chair, Black",Chairs,Furniture,FUR-CH-3945,10.0,855.2466,8552.47
20025,2023-07-20,Mikko Laine,19022,Cologne,North Rhine-Westphalia,Germany,Second Class,6572.39,6535.55,0.0,0.0,36.84,6572.39,GE-2015-MI3011363-49333,"Wireless Mouse, Ergonomic",Accessories,Technology,TEC-AC-9952,1.0,38.7285,38.73
20002,2023-03-15,Sofia Müller,75492,Helsinki,Uusimaa,Finland,Standard Class,1778.27,2193.45,0.2,438.69,23.51,1778.27,FI-2014-SO3608513-43527,"A4 Lever-Arch Binder, 5cm Spine (Blue)",Binders,Office Supplies,OFF-BI-8387,1.0,3.7888,3.79
20027,2025-09-23,Aaron Bergman,19509,Austin,Texas,United States,First Class,2406.13,2654.9,0.1,265.49,16.72,2406.13,UN-2015-AA2677407-41200,"Copy Paper, A4 (500 sheets)",Paper,Office Supplies,OFF-PA-4308,5.0,4.0822,20.41
20110,2024-07-27,Sofia Müller,24409,New York,New York,United States,First Class,2528.84,3100.6,0.2,620.12,48.36,2528.84,UN-2013-SO1249314-45869,"A4 Lever-Arch Binder, 5cm Spine (Blue)",Binders,Office Supplies,OFF-BI-3686,1.0,2.9119,2.91
20203,2025-03-07,Nguyen Minh Anh,18257,Munich,Bavaria,Germany,First Class,282.02,258.69,0.075,19.4,42.73,282.02,GE-2015-NG6147356-42616,"Wireless Mouse, Ergonomic",Accessories,Technology,TEC-AC-8362,3.0,17.8008,53.4
20084,2024-10-19,Elina Virtanen,45839,San Francisco,California,United States,Same Day,1044.26,1090.75,0.075,81.81,35.32,1044.26,UN-2015-EL8922533-43993,"Wireless Mouse, Ergonomic",Accessories,Technology,TEC-AC-7292,6.0,53.6209,321.73
20192,2024-12-10,David Philippe,55719,San Francisco,California,United States,Standard Class,5224.56,6105.51,0.15,915.83,34.88,5224.56,UN-2014-DA3044708-49395,"Executive Desk, L-Shape (Espresso)",Tables,Furniture,FUR-TA-7204,6.0,516.4249,3098.55
20102,2025-03-20,Daniel Romero,61717,Da Nang,Da Nang,Vietnam,First Class,6690.14,6998.03,0.05,349.9,42.01,6690.14,VI-2014-DA3073474-47451,"Smartphone, 128GB (Midnight)",Phones,Technology,TEC-PH-3799,3.0,639.2949,1917.88
20247,2024-05-04,David Philippe,48185,Da Nang,Da Nang,Vietnam,First Class,1895.3,2204.28,0.15,330.64,21.66,1895.3,VI-2015-DA9376917-42280,"USB-C Charger 65W, GaN",Accessories,Technology,TEC-AC-3459,1.0,62.785,62.79
20173,2024-11-11,Mikko Laine,42963,Madrid,Madrid,Spain,First Class,10827.75,12015.86,0.1,1201.59,13.48,10827.75,SP-2016-MI3829240-49696,"Executive Desk, L-Shape (Espresso)",Tables,Furniture,FUR-TA-1840,4.0,465.6435,1862.57
20165,2023-10-20,Aisha Khan,20193,Madrid,Madrid,Spain,Same Day,3123.36,3103.96,,,19.4,3123.36,SP-2016-AI7492570-49202,"Mechanical Keyboard, TKL",Accessories,Technology,TEC-AC-8311,2.0,129.5711,259.14
20144,2025-08-14,Aisha Khan,73952,Turku,Southwest Finland,Finland,Standard Class,1851.07,2256.13,0.2,451.23,46.17,1851.07,FI-2013-AI8452417-44668,"Executive Leather Chair, Black",Chairs,Furniture,FUR-CH-3155,2.0,182.5437,365.09
20011,2024-07-28,Elina Virtanen,,Da Nang,Da Nang,Vietnam,First Class,8961.84,8940.7,,,21.14,8961.84,VI-2016-EL5476583-45573,"Smartphone, 128GB (Midnight)",Phones,Technology,TEC-PH-5146,1.0,575.1856,575.19
20212,2025-10-05,Elina Virtanen,65706,Munich,Bavaria,Germany,Same Day,1852.17,1935.41,0.05,96.77,13.53,1852.17,GE-2013-EL5152562-47546,"Laptop Docking Station, USB-C",Accessories,Technology,TEC-AC-9169,6.0,227.2673,1363.6
20012,2023-03-08,Bruce Degenhardt,75613,San Francisco,California,United States,Second Class,9564.55,11905.51,0.2,2381.1,40.14,9564.55,UN-2016-BR2785277-44889,"Sticky Notes, 76x76mm (Pack of 12)",Paper,Office Supplies,OFF-PA-9084,2.0,7.47,14.94
20113,2025-09-25,Aisha Khan,28072,Helsinki,Uusimaa,Finland,Same Day,1178.64,1226.44,0.075,91.98,44.18,1178.64,FI-2015-AI8151684-41768,"USB-C Charger 65W, GaN",Accessories,Technology,TEC-AC-8794,5.0,37.5583,187.79
20194,2024-04-18,Elina Virtanen,45537,Hanoi,Hanoi,Vietnam,Standard Class,2605.68,2587.34,0.0,0.0,18.34,2605.68,VI-2013-EL2832517-49614,"Ergonomic Task Chair, Mesh Back",Chairs,Furniture,FUR-CH-1107,2.0,319.3636,638.73
20236,2025-05-22,Aaron Bergman,9942,Valencia,Valencian Community,Spain,Standard Class,3339.98,3478.48,0.05,173.92,35.42,3339.98,SP-2015-AA9230960-43737,"Bookshelf, Industrial Metal/Wood",Bookcases,Furniture,FUR-BO-4401,1.0,166.1634,166.16
20134,2024-11-11,Bruce Degenhardt,87518,Ho Chi Minh City,Ho Chi Minh,Vietnam,First Class,404.17,393.44,0.05,19.67,30.4,404.17,VI-2014-BR9511700-41215,"Oak Bookcase, 5-Shelf",Bookcases,Furniture,FUR-BO-6718,1.0,243.9647,243.96
20171,not-a-date,Sofia Müller,36353,Madrid,Madrid,Spain,First Class,2853.19,2988.56,0.05,149.43,14.06,2853.19,SP-2012-SO9692311-42507,"Oak Bookcase, 5-Shelf",Bookcases,Furniture,FUR-BO-5889,3.0,584.9693,1754.91
20000,2024-09-15,Nguyen Minh Anh,39371,Berlin,Berlin,Germany,Second Class,3184.58,3435.49,0.075,257.66,6.75,3184.58,GE-2012-NG2458591-49674,"Oak Bookcase, 5-Shelf",Bookcases,Furniture,FUR-BO-2784,4.0,617.2435,2468.97
20033,2023-12-30,Corey Catlett,36804,Tampere,Pirkanmaa,Finland,First Class,8259.55,8676.84,0.05,433.84,16.55,8259.55,FI-2014-CO7117837-40653,"Executive Desk, L-Shape (Espresso)",Tables,Furniture,FUR-TA-5659,10.0,712.6472,7126.47
20043,2024-02-12,Daniel Romero,47196,Da Nang,Da Nang,Vietnam,Standard Class,812.47,763.11,0.0,0.0,49.36,812.47,VI-2012-DA4940441-45085,"Wireless Mouse, Ergonomic",Accessories,Technology,TEC-AC-3906,5.0,62.9548,314.77
20217,2025-04-20,Elina Virtanen,28889,Valencia,Valencian Community,Spain,Same Day,1770.46,1771.33,0.075,132.85,15.11,1770.46,SP-2015-EL3503456-44913,"Binder Clips, Medium (Box of 100)",Fasteners,Office Supplies,OFF-FA-1587,1.0,6.3796,6.38
20020,2023-07-04,Corey Catlett,54588,Berlin,Berlin,Germany,First Class,631.67,668.89,0.1,66.89,29.67,631.67,GE-2013-CO4214348-43116,"A4 Lever-Arch Binder, 5cm Spine (Blue)",Binders,Office Supplies,OFF-BI-7038,4.0,10.2026,40.81
20219,2023-12-01,Corey Catlett,51931,Tampere,Pirkanmaa,Finland,Standard Class,3173.0,3374.5,0.075,253.09,51.59,3173.0,FI-2013-CO6540893-41295,"Smartphone, 128GB (Midnight)",Binders,Furniture,TEC-PH-8001,6.0,338.9555,2033.73
20159,2025-01-24,Sofia Müller,75038,Ho Chi Minh City,Ho Chi Minh,Vietnam,Same Day,1384.44,1718.62,0.2,343.72,9.54,1384.44,VI-2014-SO9712003-44369,"Archive Storage Box, Letter Size",Storage,Office Supplies,OFF-ST-3204,1.0,16.1978,16.2
20069,2025-11-06,David Philippe,30329,Barcelona,Catalonia,Spain,Second Class,2010.5,1960.28,,,50.22,2010.5,SP-2012-DA5235884-47827,"Bookshelf, Industrial Metal/Wood",Bookcases,Furniture,FUR-BO-6393,6.0,254.2968,1525.78
20127,2025-07-30,Sofia Müller,26932,Da Nang,Da Nang,Vietnam,Same Day,891.23,933.78,0.1,93.38,50.83,891.23,VI-2016-SO4860617-48196,"Side Table, Oak Round 45cm",Tables,Furniture,FUR-TA-4425,10.0,30.5275,305.28
20009,2024-08-21,Mikko Laine,76255,Tampere,Pirkanmaa,Finland,Same Day,80.12,53.31,0.1,5.33,32.14,80.12,FI-2014-MI4679591-42266,"Copy Paper, A4 (500 sheets)",Paper,Office Supplies,OFF-PA-9666,1.0,8.804,8.8
20032,2025-07-24,Elina Virtanen,21367,Tampere,Pirkanmaa,Finland,First Class,1757.93,1707.03,,,50.9,1757.93,FI-2012-EL3500715-48938,"Wireless Mouse, Ergonomic",Accessories,Technology,TEC-AC-5705,4.0,53.4014,213.61
20124,2025-08-25,Corey Catlett,73771,Munich,Bavaria,Germany,Same Day,2263.66,2788.1,0.2,557.62,33.18,2263.66,GE-2015-CO5582979-43531,"A4 Lever-Arch Binder, 5cm Spine (Blue)",Binders,Office Supplies,OFF-BI-5254,6.0,7.7514,46.51
20248,2024-01-11,Corey Catlett,32707,Valencia,Valencian Community,Spain,First Class,827.12,857.0,0.075,64.27,34.39,827.12,SP-2015-CO9040224-49539,"Sticky Notes, 76x76mm (Pack of 12)",Paper,Office Supplies,OFF-PA-6797,1.0,13.8286,13.83
20131,2025-01-25,Nguyen Minh Anh,53655,Ho Chi Minh City,Ho Chi Minh,,Second Class,3494.04,3845.54,0.1,384.55,33.05,3494.04,VI-2012-NG9564488-41868,"Archive Storage Box, Letter Size",Storage,Office Supplies,OFF-ST-9514,5.0,12.3576,61.79
20031,2025-07-16,Bruce Degenhardt,15893,Berlin,Berlin,Germany,First Class,2103.23,2057.46,0.0,0.0,45.77,2103.23,GE-2014-BR3194789-44291,"Executive Desk, L-Shape (Espresso)",Phones,Furniture,FUR-TA-4812,2.0,935.4804,1870.96
20225,2024-07-17,David Philippe,82174,San Francisco,California,NULL,Standard Class,2347.07,2521.97,0.075,189.15,14.25,2347.07,UN-2014-DA9197701-48037,"Modular Bookcase, Walnut (6-Cube)",Bookcases,Furniture,FUR-BO-2936,1.0,319.9008,319.9
20188,2025-04-18,Sofia Müller,51845,Tampere,Pirkanmaa,Finland,First Class,3972.31,3943.05,,,29.26,3972.31,FI-2016-SO2843740-43125,"Smartphone, 256GB (Silver)",Phones,Technology,TEC-PH-2932,2.0,1049.6733,2099.35
20119,2023-06-15,Bruce Degenhardt,88696,Da Nang,Da Nang,Vietnam,Standard Class,2026.86,2233.51,0.1,223.35,16.7,2026.86,VI-2014-BR2738129-49468,Gel Pen Set (12 colors),Art,Office Supplies,OFF-AR-7783,1.0,8.6731,8.67
20092,2024-02-05,Bruce Degenhardt,13909,Hamburg,Hamburg,Germany,First Class,3923.48,4103.01,0.05,205.15,25.62,3923.48,GE-2014-BR1941524-44806,"Stapler, Heavy Duty",Fasteners,Office Supplies,OFF-FA-4478,1.0,30.9841,30.98
20140,2025-02-15,Bruce Degenhardt,96105,Cologne,North Rhine-Westphalia,Germany,Same Day,4284.98,4732.51,0.1,473.25,25.72,4284.98,GE-2013-BR2421349-45072,"Wireless Mouse, Ergonomic",Accessories,Technology,TEC-AC-5614,2.0,65.7333,131.47
20139,2025-01-05,Daniel Romero,44567,Madrid,Madrid,Spain,Same Day,2496.6,3104.16,0.2,620.83,13.27,2496.6,SP-2014-DA5227787-49874,"Storage Ottoman, Fabric",Furnishings,Furniture,FUR-FU-5919,6.0,116.9991,701.99
20149,2023-08-16,Aaron Bergman,39431,San Francisco,California,United States,First Class,1223.53,1513.12,0.2,302.62,13.03,1223.53,UN-2014-AA2662338-45493,"Smartphone, 128GB (Midnight)",Phones,Technology,TEC-PH-1100,1.0,711.5015,711.5
20222,2024-04-23,Corey Catlett,41369,Hanoi,Hanoi,Vietnam,Standard Class,3322.67,3596.6,0.1,359.66,40.68,3322.67,VI-2014-CO7386444-47639,"A4 Lever-Arch Binder, 5cm Spine (Blue)",Binders,Furniture,OFF-BI-7488,10.0,8.1599,81.6
20237,2024-03-16,Mikko Laine,59816,Ho Chi Minh City,Ho Chi Minh,Vietnam,First Class,675.79,784.41,0.15,117.66,9.04,675.79,VI-2016-MI5955645-44037,"Modular Bookcase, Walnut (6-Cube)",Bookcases,Furniture,FUR-BO-3877,2.0,262.1214,524.24
20008,2024-12-05,Nguyen Minh Anh,85535,Tampere,Pirkanmaa,Finland,Same Day,8056.37,8037.81,0.0,0.0,18.56,8056.37,FI-2015-NG3396987-44339,"A4 Lever-Arch Binder, 5cm Spine (Blue)",Binders,Office Supplies,OFF-BI-8849,5.0,9.9725,49.86
20077,2024-07-26,Aisha Khan,13986,Valencia,Valencian Community,Spain,Second Class,430.74,470.59,0.1,47.06,7.21,430.74,SP-2016-AI1348050-44415,"Wireless Headset, Noise Cancelling",Accessories,Technology,TEC-AC-3224,5.0,72.6311,363.16
20108,2023-09-05,Nguyen Minh Anh,94224,Hamburg,Hamburg,Germany,First Class,2372.6,2324.32,0.0,0.0,48.28,2372.6,GE-2012-NG6595355-43990,"Steel File Cabinet, 3-Drawer",Storage,Office Supplies,OFF-ST-9797,3.0,237.2398,711.72
20097,2024-10-27,Bruce Degenhardt,9438,Valencia,Valencian Community,Spain,Same Day,3402.15,4199.29,0.2,839.86,42.72,3402.15,SP-2014-BR1135861-49272,"Laptop 14in, 16GB RAM",Computers,Technology,TEC-CO-7782,1.0,1443.3504,1443.35
20061,2025-11-16,David Philippe,36546,Valencia,Valencian Community,Spain,Standard Class,2963.05,3062.69,0.05,153.13,53.49,2963.05,SP-2014-DA5118725-41419,"Storage Ottoman, Fabric",Furnishings,Furniture,FUR-FU-6169,6.0,115.024,690.14
20146,1999-03-21,Elina Virtanen,35438,Barcelona,Catalonia,Spain,Second Class,2940.06,2899.8,,,40.26,2940.06,SP-2013-EL3321942-44096,"Side Table, Oak Round 45cm",Tables,Furniture,FUR-TA-6434,3.0,31.2902,93.87
20162,2023-06-27,Daniel Romero,51987,Valencia,Valencian Community,Spain,Same Day,2409.09,2396.24,,,12.85,2409.09,SP-2014-DA9608154-42621,"Standing Desk Converter, 32in",Tables,Furniture,FUR-TA-5595,1.0,195.3118,195.31
20180,2023-04-18,Daniel Romero,33772,Barcelona,Catalonia,Spain,Same Day,3038.53,3190.37,0.05,159.52,7.68,3038.53,SP-2013-DA4609524-49557,"Premium Sketch Paper Pad, A4 120gsm",Art,Office Supplies,OFF-AR-9753,1.0,15.5616,39.72
20185,2023-12-13,Aaron Bergman,61850,Tampere,Pirkanmaa,Finland,Second Class,1410.34,1449.94,0.05,72.5,32.9,1410.34,FI-2015-AA6020319-49727,"Premium Sketch Paper Pad, A4 120gsm",Art,Office Supplies,OFF-AR-4070,10.0,5.5706,55.71
20104,2025-10-07,Bruce Degenhardt,95098,Seattle,Washington,United States,Same Day,6338.71,6316.97,,,21.74,6338.71,UN-2012-BR3345069-40742,"Smartphone, 256GB (Silver)",Phones,Technology,TEC-PH-6050,3.0,982.38,2947.14
20158,2025-03-02,Aisha Khan,95949,Austin,Texas,United States,Standard Class,1078.18,1070.52,0.075,80.29,53.92,1078.18,UN-2014-AI3088344-46029,"Bookshelf, Industrial Metal/Wood",Bookcases,Furniture,FUR-BO-7780,1.0,286.366,286.37
20051,2023-04-11,Mikko Laine,69957,Tampere,Pirkanmaa,Finland,Same Day,5044.57,6272.65,0.2,1254.53,26.45,5044.57,FI-2012-MI6901533-44892,"Dining Chair Set (2-Pack), Grey",Chairs,Furniture,FUR-CH-7088,5.0,225.8915,1129.46
20111,2023-04-03,Sofia Müller,54882,Helsinki,Uusimaa,Finland,First Class,834.11,788.1,,,46.01,834.11,FI-2013-SO8062546-48619,"Storage Ottoman, Fabric",Furnishings,Furniture,FUR-FU-4541,6.0,82.3246,493.95
20019,2024-03-25,Daniel Romero,22704,Ho Chi Minh City,Ho Chi Minh,Vietnam,Same Day,2825.78,2998.13,0.075,224.86,52.51,2825.78,VI-2014-DA8106470-46735,"Executive Leather Chair, Black",Chairs,Furniture,FUR-CH-7131,1.0,740.0091,740.01
20126,2023-03-17,Nguyen Minh Anh,59607,Turku,Southwest Finland,Finland,Second Class,6015.22,6319.6,0.05,315.98,11.6,6015.22,FI-2013-NG5286905-44742,"Tablet 10in, 64GB",Accessories,Technology,TEC-AC-2517,5.0,367.218,1836.09
20041,2025-07-10,Corey Catlett,98778,New York,New York,United States,Second Class,5160.81,5677.73,0.1,567.77,50.85,5160.81,UN-2016-CO6049101-46653,"Smartphone, 256GB (Silver)",Phones,Technology,TEC-PH-8907,6.0,565.5583,3393.35
20094,2024-07-07,David Philippe,96535,Tampere,Pirkanmaa,Finland,Second Class,1997.25,2138.6,0.075,160.39,19.04,1997.25,FI-2013-DA8736811-44161,"A4 Lever-Arch Binder, 5cm Spine (Blue)",Binders,Office Supplies,OFF-BI-8921,6.0,5.1036,30.62
20182,2023-06-02,Corey Catlett,16705,Ho Chi Minh City,Ho Chi Minh,Vietnam,Second Class,1054.7,1104.83,0.075,82.86,32.73,1054.7,VI-2014-CO5841933-41204,"A4 Lever-Arch Binder, 5cm Spine (Blue)",Binders,Office Supplies,OFF-BI-3347,1.0,10.2214,10.22
20013,2024-01-09,Aaron Bergman,41274,Turku,Southwest Finland,Finland,First Class,492.03,480.88,,,11.15,492.03,FI-2016-AA6438436-48005,"Desk Organizer Tray, Bamboo",Storage,Office Supplies,OFF-ST-3174,2.0,31.1863,62.37
20096,2024-07-26,David Philippe,49599,Da Nang,Da Nang,Vietnam,Second Class,2670.87,2644.89,0.0,0.0,25.98,2670.87,VI-2015-DA9106886-41747,"Steel File Cabinet, 3-Drawer",Storage,Office Supplies,OFF-ST-7350,6.0,119.3842,716.31
20070,2023-07-31,Mikko Laine,17026,Ho Chi Minh City,Ho Chi Minh,Vietnam,Second Class,4116.43,4104.92,0.0,0.0,11.51,4116.43,VI-2013-MI6097514-41395,"Storage Ottoman, Fabric",Furnishings,Furniture,FUR-FU-1721,10.0,162.0625,1620.63
20046,2023-06-12,Elina Virtanen,52762,Helsinki,Uusimaa,Finland,First Class,300.9,313.75,0.15,47.06,34.21,300.9,FI-2015-EL3237058-47612,"A4 Lever-Arch Binder, 5cm Spine (Blue)",Binders,Office Supplies,OFF-BI-8649,1.0,3.031,3.03
20055,2025-07-12,Bruce Degenhardt,20735,Ho Chi Minh City,Ho Chi Minh,Vietnam,Same Day,1494.95,1454.19,0.0,0.0,40.76,1494.95,VI-2012-BR1873851-45733,"Smartphone, 128GB (Midnight)",Phones,Technology,TEC-PH-6119,1.0,646.5359,646.54
20238,2025-04-18,Sofia Müller,33535,Madrid,Madrid,Spain,Standard Class,752.65,695.79,,,56.86,752.65,SP-2014-SO2787627-41499,"Storage Ottoman, Fabric",Furnishings,Furniture,FUR-FU-4438,3.0,68.0778,204.23
20048,2024-07-20,Bruce Degenhardt,78327,Ho Chi Minh City,Ho Chi Minh,Vietnam,Same Day,626.71,582.47,,,44.24,626.71,VI-2013-BR5606980-47206,"Storage Ottoman, Fabric",Furnishings,Furniture,FUR-FU-5532,6.0,99999.9999,508.09
20170,2025-06-17,Mikko Laine,29766,Helsinki,Uusimaa,Finland,Second Class,5147.23,5518.72,0.075,413.9,42.41,5147.23,FI-2014-MI2244282-47372,"Steel File Cabinet, 3-Drawer",Storage,Office Supplies,OFF-ST-2927,2.0,130.769,261.54
20060,2023-10-04,Corey Catlett,57472,Ho Chi Minh City,Ho Chi Minh,Vietnam,Same Day,4610.79,5384.81,0.15,807.72,33.7,4610.79,VI-2013-CO8306261-42885,"Bookshelf, Industrial Metal/Wood",Bookcases,Furniture,FUR-BO-2875,1.0,463.9448,463.94
20098,2024-10-08,Nguyen Minh Anh,89684,Hamburg,Hamburg,Germany,Standard Class,1320.18,1498.38,0.15,224.76,46.56,1320.18,GE-2013-NG4189885-44106,"Stapler, Heavy Duty",Fasteners,Office Supplies,OFF-FA-9422,1.0,14.0565,14.22
20085,2026-01-05,Sofia Müller,19150,Hanoi,Hanoi,Vietnam,Standard Class,3545.45,3679.28,0.05,183.96,50.13,3545.45,VI-2015-SO6702160-48318,"Binder Clips, Medium (Box of 100)",Fasteners,Office Supplies,OFF-FA-6218,2.0,1.9909,3.98
20218,2024-07-07,Nguyen Minh Anh,59518,Helsinki,Uusimaa,Finland,Second Class,1045.36,1002.87,0.075,75.22,58.23,1045.36,FI-2015-NG1966769-49214,"Wireless Mouse, Ergonomic",Accessories,Technology,TEC-AC-5641,10.0,28.6481,286.48
20211,2025-02-11,Daniel Romero,43492,Turku,Southwest Finland,Finland,Same Day,2964.19,3698.75,0.2,739.75,5.19,2964.19,FI-2016-DA3136529-43648,"Ergonomic Task Chair, Mesh Back",Chairs,Furniture,FUR-CH-6101,10.0,321.9832,3219.83
20202,2024-08-17,Corey Catlett,40871,Seattle,Washington,United States,Same Day,6935.9,7656.82,0.1,765.68,44.76,6935.9,UN-2014-CO6530194-44947,"Stapler, Heavy Duty",Fasteners,Office Supplies,OFF-FA-8268,1.0,11.0729,11.07
20086,2024-11-02,Mikko Laine,46006,Valencia,Valencian Community,Spain,Same Day,1627.8,1733.86,0.075,130.04,23.98,1627.8,SP-2013-MI8491822-48824,"Archive Storage Box, Letter Size",Storage,Office Supplies,OFF-ST-1826,1.0,10.2884,10.29
20199,2025-12-28,David Philippe,45761,Hanoi,Hanoi,Vietnam,Second Class,1361.38,1566.05,0.15,234.91,30.24,1361.38,VI-2012-DA6547958-42662,"Ergonomic Task Chair, Mesh Back",Chairs,Furniture,FUR-CH-7987,4.0,136.5356,546.14
20174,2025-01-21,Mikko Laine,25499,Tampere,Pirkanmaa,Finland,First Class,6799.88,7114.81,0.05,355.74,40.81,6799.88,FI-2012-MI1762722-49449,"Sticky Notes, 76x76mm (Pack of 12)",Paper,Office Supplies,OFF-PA-8304,10.0,9.69,96.9
20058,2025-04-08,Corey Catlett,20998,Valencia,Valencian Community,Spain,First Class,1576.77,1799.15,0.15,269.87,47.49,1576.77,SP-2016-CO5074336-41669,"A4 Lever-Arch Binder, 5cm Spine (Blue)",Binders,Office Supplies,OFF-BI-4246,6.0,2.7855,16.71
20078,2026-01-27,David Philippe,46459,San Francisco,California,United States,Second Class,4624.47,4593.62,,,30.85,4624.47,UN-2016-DA8312936-48056,"Tablet 10in, 64GB",Accessories,Technology,TEC-AC-8629,10.0,228.7643,2287.64
20136,2024-03-21,Aaron Bergman,89414,Hamburg,Hamburg,Germany,Same Day,3073.21,3310.83,0.075,248.31,10.69,3073.21,GE-2016-AA3531028-41013,"Laptop 14in, 16GB RAM",Computers,Technology,TEC-CO-8672,1.0,1082.805,1082.81
20107,2025-08-28,Nguyen Minh Anh,57538,San Francisco,California,United States,First Class,740.53,778.77,0.075,58.41,20.17,740.53,UN-2014-NG7017548-40992,"USB-C Charger 65W, GaN",Accessories,Technology,TEC-AC-8625,5.0,27.7432,138.72
20074,2024-06-22,Bruce Degenhardt,87304,Hanoi,Hanoi,Vietnam,Second Class,1403.21,1362.59,0.0,0.0,40.62,1403.21,VI-2015-BR2925626-48922,"Dining Chair Set (2-Pack), Grey",Chairs,Furniture,FUR-CH-3354,10.0,111.6106,1116.11
20035,2024-07-22,Bruce Degenhardt,18434,Barcelona,Catalonia,Spain,First Class,142.04,126.06,0.0,0.0,15.98,142.04,SP-2015-BR1649691-47711,"Binder Clips, Medium (Box of 100)",Fasteners,Office Supplies,OFF-FA-7423,0.0,5.8973,5.9
20004,2024-10-22,Mikko Laine,57400,Hanoi,Hanoi,Vietnam,Second Class,496.8,594.85,0.2,118.97,20.92,496.8,VI-2012-MI1768805-43733,"USB-C Charger 65W, GaN",Accessories,Technology,TEC-AC-6412,3.0,39.9306,119.79
20037,2026-01-08,Corey Catlett,43142,Barcelona,Catalonia,Spain,Standard Class,1515.15,1478.22,0.0,0.0,36.93,1515.15,SP-2012-CO2935113-44279,"Modular Bookcase, Walnut (6-Cube)",Bookcases,Furniture,FUR-BO-2070,5.0,168.5414,842.71
20028,2025-02-13,Daniel Romero,24010,Madrid,Madrid,Spain,Standard Class,1573.49,1923.26,0.2,384.65,34.88,1573.49,SP-2014-DA3646552-47179,"Archive Storage Box, Letter Size",Storage,Office Supplies,OFF-ST-8556,1.0,8.3629,8.36
20003,2023-09-16,Aaron Bergman,55197,Hamburg,Hamburg,Germany,Standard Class,1781.56,1723.04,,,58.52,1781.56,GE-2012-AA8707870-48785,"Binder Clips, Medium (Box of 100)",Fasteners,Office Supplies,OFF-FA-3087,6.0,1.7205,10.32
20072,2023-09-21,Nguyen Minh Anh,47759,Turku,Southwest Finland,Finland,Standard Class,4082.53,4047.17,0.0,0.0,35.36,4082.53,FI-2012-NG3634980-43929,"Laptop 14in, 16GB RAM",Computers,Technology,TEC-CO-2752,3.0,1178.3424,3535.03
20010,2024-01-09,Sofia Müller,99307,Berlin,Berlin,Germany,Same Day,4456.32,4776.81,0.075,358.26,37.77,4456.32,GE-2016-SO2065818-46304,"Ergonomic Task Chair, Mesh Back",Chairs,Furniture,FUR-CH-5949,6.0,209.8535,1259.12
20244,2025-04-18,Aaron Bergman,67700,Ho Chi Minh City,Ho Chi Minh,Vietnam,Standard Class,262.23,235.84,0.05,11.79,38.18,262.23,VI-2015-AA3283789-44922,"Copy Paper, A4 (500 sheets)",Paper,Office Supplies,OFF-PA-7773,2.0,10.4505,20.9
20105,2023-09-17,Nguyen Minh Anh,80457,Hanoi,Hanoi,Vietnam,Second Class,1195.51,1339.16,0.15,200.87,57.22,1195.51,VI-2015-NG8610879-46078,"Stapler, Heavy Duty",Fasteners,Office Supplies,OFF-FA-3605,5.0,20.9688,104.84
20227,2023-03-15,Corey Catlett,28136,Berlin,Berlin,Germany,Second Class,9893.89,9861.07,0.0,0.0,32.82,9893.89,GE-2012-CO3533857-40149,"A4 Lever-Arch Binder, 5cm Spine (Blue)",Binders,Office Supplies,OFF-BI-4411,10.0,6.3115,63.12
20241,2024-07-11,Mikko Laine,78302,Hanoi,Hanoi,Vietnam,Second Class,2920.73,3034.29,0.05,151.71,21.56,2920.73,VI-2015-MI3843767-42274,Gel Pen Set (12 colors),Art,Office Supplies,OFF-AR-6606,6.0,13.7179,82.31
20091,2023-05-14,Mikko Laine,18968,Da Nang,Da Nang,Vietnam,Second Class,11063.92,11897.42,0.075,892.31,58.81,11063.92,VI-2014-MI4816586-41480,"Executive Desk, L-Shape (Espresso)",Tables,Furniture,FUR-TA-2276,10.0,835.7237,8357.24
20153,2024-07-06,Mikko Laine,74700,Helsinki,Uusimaa,Finland,Second Class,4509.48,4452.04,,,57.44,4509.48,FI-2012-MI9782613-45908,"Executive Leather Chair, Black",Chairs,Furniture,FUR-CH-8584,3.0,579.6631,1738.99
20063,2024-09-24,Mikko Laine,26106,Barcelona,Catalonia,Spain,First Class,1975.98,1931.38,0.0,0.0,44.6,1975.98,SP-2016-MI4205394-41402,"Laptop 14in, 16GB RAM",Computers,Technology,TEC-CO-8294,1.0,942.6339,942.63
20145,2026-02-27,Nguyen Minh Anh,50562,Hanoi,Hanoi,Vietnam,Same Day,1742.11,1850.51,0.075,138.79,30.39,1742.11,VI-2013-NG7171347-49345,"Premium Sketch Paper Pad, A4 120gsm",Art,Office Supplies,OFF-AR-2140,10.0,5.3924,53.92
20064,2024-07-06,David Philippe,74332,Da Nang,Da Nang,Vietnam,Same Day,7164.96,7137.72,0.0,0.0,27.24,7164.96,VI-2012-DA2561176-44820,"Laptop 14in, 16GB RAM",Computers,Technology,TEC-CO-7208,3.0,1119.5804,3358.74
20169,2025-10-14,Elina Virtanen,37109,Helsinki,Uusimaa,Finland,First Class,2878.63,3334.22,0.15,500.13,44.54,2878.63,FI-2012-EL6189037-46523,"USB-C Charger 65W, GaN",Accessories,Technology,TEC-AC-2007,1.0,26.9686,26.97
20195,2024-06-20,Aisha Khan,33233,Turku,Southwest Finland,Finland,Same Day,1124.33,1266.99,0.15,190.05,47.39,1124.33,FI-2014-AI8925622-41647,"Standing Desk Converter, 32in",Tables,Furniture,FUR-TA-1003,1.0,304.6997,304.7
20196,2025-06-12,David Philippe,72695,Cologne,North Rhine-Westphalia,Germany,Second Class,1375.36,1608.36,0.15,241.25,8.25,1375.36,GE-2014-DA6388299-44676,"Steel File Cabinet, 3-Drawer",Storage,Office Supplies,OFF-ST-9704,2.0,212.5941,425.19
20230,2025-02-24,Bruce Degenhardt,62023,Austin,Texas,United States,First Class,790.62,858.04,0.1,85.8,18.38,790.62,UN-2014-BR7812009-47520,"Copy Paper, A4 (500 sheets)",Paper,Office Supplies,OFF-PA-8326,2.0,5.4679,10.94
20183,2023-10-31,Sofia Müller,32772,Helsinki,Uusimaa,Finland,Same Day,4909.25,5118.66,0.05,255.93,46.52,4909.25,FI-2014-SO6688907-49139,Monitor 27in IPS,Accessories,Technology,TEC-AC-6187,2.0,299.6774,599.35
20155,2023-07-18,Aaron Bergman,41719,Munich,Bavaria,Germany,First Class,2201.44,2177.06,,,24.38,2201.44,GE-2016-AA6578736-42185,"Tablet 10in, 64GB",Accessories,Technology,TEC-AC-5989,4.0,445.5828,1782.33
20045,2025-05-28,Nguyen Minh Anh,29342,Ho Chi Minh City,Ho Chi Minh,Vietnam,First Class,1647.6,1598.37,0.0,0.0,49.23,1647.6,VI-2012-NG8132769-43585,"Tablet 10in, 64GB",Accessories,Technology,TEC-AC-6640,1.0,395.609,395.61
20215,2025-12-27,Bruce Degenhardt,40807,Cologne,North Rhine-Westphalia,Germany,Standard Class,5198.42,5416.03,0.05,270.8,53.19,5198.42,GE-2016-BR6379867-43881,"Sticky Notes, 76x76mm (Pack of 12)",Paper,Office Supplies,OFF-PA-9362,4.0,17.5622,70.25
20205,2025-06-30,Elina Virtanen,81812,Helsinki,Uusimaa,Finland,Second Class,1140.68,1196.36,0.075,89.73,34.05,1140.68,FI-2013-EL2373555-48609,"Laptop Docking Station, USB-C",Accessories,Technology,TEC-AC-5819,1.0,152.7679,152.77
20057,2024-08-07,Aaron Bergman,31993,San Francisco,California,United States,First Class,1013.04,1118.48,0.1,111.85,6.41,1013.04,UN-2013-AA6218367-41771,"Stapler, Heavy Duty",Fasteners,Office Supplies,OFF-FA-1870,1.0,33.4308,33.43
20175,2023-05-03,David Philippe,91609,Helsinki,Uusimaa,Finland,Standard Class,2321.35,2839.94,0.2,567.99,49.4,2321.35,FI-2014-DA9102469-44012,"Laptop 14in, 16GB RAM",Computers,Technology,TEC-CO-6885,1.0,1468.1854,1468.19
20164,2025-09-08,Aaron Bergman,58875,Cologne,North Rhine-Westphalia,Germany,Same Day,4499.96,4708.49,0.05,235.42,26.89,4499.96,GE-2012-AA3310140-48674,"Laptop Docking Station, USB-C",Accessories,Technology,TEC-AC-1510,2.0,163.3916,326.78
20226,2023-12-13,Elina Virtanen,40003,Madrid,Madrid,Spain,Second Class,1139.29,1088.14,,,51.15,1139.29,SP-2016-EL1985360-48584,"Copy Paper, A4 (500 sheets)",Paper,Office Supplies,OFF-PA-7459,3.0,11.5413,34.62
20207,2024-04-25,Mikko Laine,74071,Hanoi,Hanoi,Vietnam,First Class,3008.96,3239.68,0.075,242.98,12.26,3008.96,VI-2016-MI8473959-40911,"Premium Sketch Paper Pad, A4 120gsm",Art,Office Supplies,OFF-AR-7251,4.0,14.9926,59.97
20168,2026-01-06,Nguyen Minh Anh,25908,Austin,Texas,United States,Second Class,6481.92,6457.07,,,24.85,6481.92,UN-2013-NG4971774-48094,"USB-C Charger 65W, GaN",Accessories,Technology,TEC-AC-3841,5.0,22.6488,113.24
20129,2025-07-04,Bruce Degenhardt,25096,Da Nang,Da Nang,Vietnam,Same Day,235.26,222.68,0.2,44.54,57.12,235.26,VI-2012-BR6448705-42815,"Stapler, Heavy Duty",Fasteners,Office Supplies,OFF-FA-7301,3.0,38.7585,116.28
20152,2023-07-08,Daniel Romero,85613,Helsinki,Uusimaa,Finland,First Class,1043.87,1068.7,0.05,53.44,28.61,1043.87,FI-2016-DA5059048-42352,"Standing Desk Converter, 32in",Tables,Furniture,FUR-TA-5726,1.0,125.6543,125.65
20022,2024-06-28,Sofia Müller,63384,Berlin,Berlin,Germany,Same Day,869.03,854.97,,,14.06,869.03,GE-2015-SO4586084-46570,"Ergonomic Task Chair, Mesh Back",Chairs,Furniture,FUR-CH-1257,9999.0,277.5482,277.55
20082,2023-11-25,Bruce Degenhardt,36713,Valencia,Valencian Community,Spain,Same Day,1481.38,1829.03,0.2,365.81,18.16,1481.38,SP-2012-BR1484348-49975,"Archive Storage Box, Letter Size",Storage,Office Supplies,OFF-ST-8155,1.0,4.6086,4.61
20120,2023-10-09,Aaron Bergman,82910,Hanoi,Hanoi,Vietnam,Standard Class,2448.94,2399.54,0.0,0.0,49.4,2448.94,VI-2012-AA5673599-49406,"Wireless Headset, Noise Cancelling",Accessories,Technology,TEC-AC-7813,5.0,227.6523,1138.26
20068,2024-09-13,Aisha Khan,17261,Cologne,North Rhine-Westphalia,Germany,Standard Class,369.43,454.7,0.2,90.94,5.67,369.43,GE-2013-AI9235577-41680,"Wireless Mouse, Ergonomic",Accessories,Technology,TEC-AC-7974,10.0,24.2262,242.26
20233,2024-09-07,Aisha Khan,29844,Helsinki,Uusimaa,Finland,Standard Class,1988.8,2458.12,0.2,491.62,22.3,1988.8,FI-2016-AI1552000-42938,"Desk Organizer Tray, Bamboo",Storage,Office Supplies,OFF-ST-7948,6.0,34.2423,205.45
20179,2024-07-22,Sofia Müller,63017,Helsinki,Uusimaa,Finland,Standard Class,2291.87,2512.44,0.1,251.24,30.67,2291.87,FI-2013-SO3673322-48163,"Premium Sketch Paper Pad, A4 120gsm",Art,Office Supplies,OFF-AR-6821,2.0,7.0874,14.17
20122,2025-05-30,Daniel Romero,28596,New York,New York,United States,First Class,654.29,676.97,0.075,50.77,28.09,654.29,UN-2012-DA9900022-43524,"Sticky Notes, 76x76mm (Pack of 12)",Paper,Office Supplies,OFF-PA-1121,10.0,11.9705,119.71
20154,2026-01-04,Elina Virtanen,22765,Tampere,Pirkanmaa,Finland,Same Day,1293.48,1341.61,0.05,67.08,18.95,1293.48,FI-2015-EL1730386-46338,"Mechanical Keyboard, TKL",Accessories,Technology,TEC-AC-4878,6.0,81.3488,488.09
20193,2023-12-26,Bruce Degenhardt,15513,Ho Chi Minh City,Ho Chi Minh,Vietnam,Standard Class,3137.81,3669.07,0.15,550.36,19.1,3137.81,VI-2012-BR6811015-47247,"Tablet 10in, 64GB",Accessories,Technology,TEC-AC-9948,10.0,315.7789,3157.79
20073,2025-06-15,David Philippe,87833,Seattle,Washington,United States,Same Day,837.83,835.74,0.05,41.79,43.88,837.83,UN-2014-DA1547605-43792,"Oak Bookcase, 5-Shelf",Bookcases,Furniture,FUR-BO-8917,3.0,229.7923,689.38
20190,2025-04-11,Aaron Bergman,32699,Da Nang,Da Nang,Vietnam,Same Day,2273.34,2348.6,0.05,117.43,42.17,2273.34,VI-2016-AA6743294-48950,"Archive Storage Box, Letter Size",Storage,Office Supplies,OFF-ST-2311,1.0,16.8735,16.87
20234,2025-05-25,Daniel Romero,49227,New York,New York,United States,Second Class,2812.64,3451.15,0.2,690.23,51.72,2812.64,UN-2016-DA5034453-49284,"Desk Organizer Tray, Bamboo",Storage,Office Supplies,OFF-ST-5578,5.0,24.5424,122.71
20053,2024-02-03,David Philippe,26728,Da Nang,Da Nang,Vietnam,First Class,11619.48,13636.37,0.15,2045.46,28.57,11619.48,VI-2015-DA1454696-41375,"Desk Organizer Tray, Bamboo",Storage,Office Supplies,OFF-ST-2449,2.0,23.1185,46.24
20049,2025-01-17,Aaron Bergman,80799,Austin,Texas,United States,First Class,6513.8,6995.28,0.075,524.65,43.17,6513.8,UN-2013-AA3530518-43788,"Mechanical Keyboard, TKL",Accessories,Technology,TEC-AC-2279,6.0,152.7433,916.46
20065,2025-03-26,David Philippe,82545,Austin,Texas,United States,Standard Class,955.97,1089.42,0.15,163.41,29.96,955.97,UN-2015-DA6549757-45764,"Storage Ottoman, Fabric",Furnishings,Furniture,FUR-FU-1864,3.0,114.9047,344.71
20018,2026-01-17,Nguyen Minh Anh,26251,Madrid,Madrid,Spain,Same Day,1800.35,1965.95,0.1,196.6,31.0,1800.35,SP-2013-NG3219824-49355,"Modular Bookcase, Walnut (6-Cube)",Bookcases,Furniture,FUR-BO-8681,5.0,340.4451,1702.23
20216,2025-06-25,Bruce Degenhardt,56164,Turku,Southwest Finland,Finland,First Class,1779.45,1941.32,0.1,194.13,32.26,1779.45,FI-2016-BR3938247-46999,"Archive Storage Box, Letter Size",Storage,Office Supplies,OFF-ST-6431,4.0,9.7054,38.82
20220,2023-06-15,Bruce Degenhardt,59551,Cologne,North Rhine-Westphalia,Germany,First Class,5495.42,6415.87,0.15,962.38,41.93,5495.42,GE-2012-BR4156856-49626,"Smartphone, 256GB (Silver)",Phones,Technology,TEC-PH-5827,2.0,575.6311,1151.26
20023,2024-08-26,David Philippe,47503,Hamburg,Hamburg,Germany,Same Day,4915.6,4894.28,0.0,0.0,21.32,4915.6,GE-2016-DA9164991-42536,"Wireless Mouse, Ergonomic",Accessories,Technology,TEC-AC-5981,10.0,29.7101,297.1
20014,2024-07-04,Aisha Khan,23786,Barcelona,Catalonia,Spain,First Class,2209.86,2719.45,0.2,543.89,34.3,2209.86,SP-2012-AI9153566-41133,"Wireless Headset, Noise Cancelling",Accessories,Technology,TEC-AC-8752,10.0,75.5066,755.07
20039,2024-08-04,Aisha Khan,77254,Turku,Southwest Finland,Finland,First Class,6791.6,7332.7,0.075,549.95,8.85,6791.6,FI-2016-AI4305700-45967,"Oak Bookcase, 5-Shelf",Bookcases,Furniture,FUR-BO-5780,10.0,192.0112,1920.11
20030,2024-09-09,Bruce Degenhardt,99376,Turku,Southwest Finland,Finland,Second Class,3336.45,3671.76,0.1,367.18,31.87,3336.45,FI-2014-BR4415796-44325,"Archive Storage Box, Letter Size",Storage,Office Supplies,OFF-ST-2351,1.0,12.6063,12.61
20015,2025-10-30,Elina Virtanen,31644,New York,New York,United States,Standard Class,8011.73,8850.21,0.1,885.02,46.54,8011.73,UN-2016-EL8099076-43470,"Laptop Docking Station, USB-C",Accessories,Technology,TEC-AC-5552,2.0,112.5316,225.06
20138,2025-03-16,Aaron Bergman,57179,Turku,Southwest Finland,Finland,Same Day,522.43,474.02,,,48.41,522.43,FI-2015-AA6676858-49795,"Bookshelf, Industrial Metal/Wood",Bookcases,Furniture,FUR-BO-5509,2.0,100.4682,200.94
20034,2025-02-23,Elina Virtanen,63265,Seattle,Washington,United States,Second Class,7905.04,8539.11,0.075,640.43,6.36,7905.04,UN-2013-EL3726327-42900,"Executive Leather Chair, Black",Chairs,Furniture,FUR-CH-3860,10.0,712.0564,7120.56
20210,2023-12-04,Corey Catlett,59081,Hanoi,Hanoi,Vietnam,Same Day,4738.99,4696.44,,,42.55,4738.99,VI-2015-CO7333337-46154,"USB-C Charger 65W, GaN",Accessories,Technology,TEC-AC-8317,3.0,59.4312,178.29
20189,2025-06-24,Nguyen Minh Anh,63788,Hanoi,Hanoi,Vietnam,Same Day,2720.95,2685.1,0.0,0.0,35.85,2720.95,VI-2012-NG3316639-48498,"Bookshelf, Industrial Metal/Wood",Bookcases,Furniture,FUR-BO-4869,5.0,164.6115,823.06
20177,2024-12-01,Aaron Bergman,65368,Turku,Southwest Finland,Finland,Same Day,3453.3,3824.96,0.1,382.5,10.84,3453.3,FI-2013-AA7216632-48437,"Desk Organizer Tray, Bamboo",Storage,Office Supplies,OFF-ST-1542,3.0,39.4903,118.47
20187,2024-11-21,Aisha Khan,88238,Da Nang,Da Nang,Vietnam,Same Day,3742.02,4122.89,0.1,412.29,31.42,3742.02,VI-2014-AI4817541-40841,"Standing Desk Converter, 32in",Tables,Furniture,FUR-TA-3525,5.0,335.9388,1679.69
20090,2025-10-18,Bruce Degenhardt,54376,Seattle,Washington,United States,Same Day,663.68,655.35,0.075,49.15,57.48,663.68,UN-2012-BR6512415-48742,Gel Pen Set (12 colors),Art,Office Supplies,OFF-AR-7277,2.0,13.2493,26.5
20198,2023-03-20,Bruce Degenhardt,45222,Madrid,Madrid,Spain,First Class,745.8,836.38,0.15,125.46,34.88,745.8,SP-2014-BR5774152-47444,"Mechanical Keyboard, TKL",Accessories,Technology,TEC-AC-3740,2.0,122.9972,245.99
20231,2023-08-14,Aisha Khan,22256,Austin,Texas,United States,Same Day,3574.49,3855.57,0.075,289.17,8.09,3574.49,UN-2015-AI7327855-49055,"Laptop 14in, 16GB RAM",Computers,Technology,TEC-CO-6653,1.0,1260.148,1260.15
20224,2024-05-28,Sofia Müller,12125,Hanoi,Hanoi,Vietnam,Standard Class,2701.51,2685.72,0.0,0.0,15.79,2701.51,VI-2016-SO8005797-44836,"Smartphone, 128GB (Midnight)",Phones,Technology,TEC-PH-2900,1.0,400.5602,400.56
20156,2024-02-23,David Philippe,39362,Valencia,Valencian Community,Spain,Second Class,1019.07,997.93,,,21.14,1019.07,SP-2013-DA2058651-47498,"Premium Sketch Paper Pad, A4 120gsm",Art,Office Supplies,OFF-AR-8802,2.0,13.4779,26.96
20080,2025-09-18,Daniel Romero,61324,Turku,Southwest Finland,Finland,Standard Class,1126.21,1366.14,0.2,273.23,33.3,1126.21,FI-2014-DA2944841-46622,"Smartphone, 128GB (Midnight)",Phones,Technology,TEC-PH-9724,2.0,527.8805,1055.76
20135,2025-03-26,Bruce Degenhardt,20172,Berlin,Berlin,Germany,First Class,6442.57,6925.03,0.075,519.38,36.92,6442.57,GE-2016-BR9507186-46299,"Wireless Mouse, Ergonomic",Accessories,Technology,TEC-AC-7390,5.0,29.8585,149.29
20125,2023-10-15,Bruce Degenhardt,46872,Barcelona,Catalonia,Spain,Same Day,2266.66,2239.92,0.0,0.0,26.74,2266.66,SP-2016-BR6174418-40744,"Desk Organizer Tray, Bamboo",Storage,Office Supplies,OFF-ST-8122,1.0,17.2414,17.24
20067,2026-02-08,Mikko Laine,47093,Ho Chi Minh City,Ho Chi Minh,Vietnam,First Class,8444.63,8873.43,0.05,443.67,14.87,8444.63,VI-2013-MI5970190-43727,"Smartphone, 256GB (Silver)",Phones,Technology,TEC-PH-8353,4.0,958.8701,3835.48
20208,2023-06-28,Elina Virtanen,70604,Ho Chi Minh City,Ho Chi Minh,Vietnam,Standard Class,418.3,516.41,0.2,103.28,5.17,418.3,VI-2012-EL7642917-44169,"Desk Organizer Tray, Bamboo",Chairs,Furniture,OFF-ST-1672,9999.0,37.3668,37.37
20117,2024-12-01,Bruce Degenhardt,32531,Barcelona,Catalonia,Spain,Second Class,1828.5,2273.5,0.2,454.7,9.7,1828.5,SP-2015-BR2126310-41494,"Wireless Headset, Noise Cancelling",Accessories,Technology,TEC-AC-6797,4.0,168.202,672.81
20160,2025-07-30,Mikko Laine,33652,Hanoi,Hanoi,Vietnam,Standard Class,2749.32,2850.5,0.05,142.53,41.35,2749.32,VI-2014-MI2721307-41311,"Wireless Headset, Noise Cancelling",Accessories,Technology,TEC-AC-5466,3.0,96.7685,290.31
20083,2023-03-30,Elina Virtanen,63477,Austin,Texas,United States,First Class,2778.98,2738.36,,,40.62,2778.98,UN-2013-EL2903561-47560,"Smartphone, 256GB (Silver)",Phones,Technology,TEC-PH-2610,2.0,940.7575,1881.52
20093,2026-02-21,Corey Catlett,84178,New York,New York,United States,Second Class,1665.66,1791.96,0.1,179.2,52.9,1665.66,UN-2013-CO3937176-41293,"Premium Sketch Paper Pad, A4 120gsm",Art,Office Supplies,OFF-AR-8554,2.0,19.1549,38.31
20166,2025-08-31,Nguyen Minh Anh,48100,Valencia,Valencian Community,Spain,Standard Class,536.69,414.56,0.0,0.0,51.91,536.69,SP-2015-NG4358435-42009,"Copy Paper, A4 (500 sheets)",Paper,Office Supplies,OFF-PA-4193,6.0,7.0489,42.29
20137,2023-08-21,Elina Virtanen,50345,Valencia,Valencian Community,Spain,Second Class,474.38,476.28,0.075,35.72,33.82,474.38,SP-2012-EL5156449-47172,"Wireless Mouse, Ergonomic",Accessories,Technology,TEC-AC-3947,3.0,49.2377,147.71
20213,2023-05-06,Corey Catlett,90600,Seattle,Washington,United States,First Class,7494.99,7457.32,,,37.67,7494.99,UN-2013-CO4457475-41102,"USB-C Charger 65W, GaN",Accessories,Technology,TEC-AC-1138,1.0,15.6579,15.66
20228,2025-11-15,David Philippe,9031,Madrid,Madrid,Spain,First Class,1708.33,1674.21,,,34.12,1708.33,SP-2016-DA7901115-40194,"Executive Leather Chair, Black",Chairs,Furniture,FUR-CH-9605,1.0,673.5597,673.56
20016,2025-05-27,Aaron Bergman,67423,Austin,Texas,United States,Same Day,486.52,462.93,,,23.59,486.52,UN-2012-AA5159166-43681,"Binder Clips, Medium (Box of 100)",Fasteners,Office Supplies,OFF-FA-4594,2.0,2.7633,5.53
20071,2024-06-06,Elina Virtanen,59856,Da Nang,Da Nang,Vietnam,Same Day,2643.26,2834.01,0.075,212.55,21.8,2643.26,VI-2015-EL5988757-49642,"Oak Bookcase, 5-Shelf",Bookcases,Furniture,FUR-BO-1388,10.0,220.4542,2204.54
20201,2026-01-20,Aaron Bergman,21368,Ho Chi Minh City,Ho Chi Minh,Vietnam,Same Day,7266.48,7831.01,0.075,587.33,22.8,7266.48,VI-2012-AA4100114-42303,"Sticky Notes, 76x76mm (Pack of 12)",Paper,Office Supplies,OFF-PA-4552,10.0,14.2093,142.09
20054,2023-06-12,Bruce Degenhardt,59689,Hanoi,Hanoi,Vietnam,Standard Class,637.93,622.17,0.05,31.11,46.87,637.93,VI-2013-BR8628588-45355,"Wireless Mouse, Ergonomic",Accessories,Technology,TEC-AC-2965,1.0,70.238,70.24
20001,2024-06-20,Elina Virtanen,89022,Cologne,North Rhine-Westphalia,Germany,First Class,5591.09,6025.91,0.075,451.94,17.12,5591.09,GE-2016-EL4335942-48928,"Standing Desk Converter, 32in",Tables,Furniture,FUR-TA-7159,10.0,353.088,3530.88
20099,2023-05-21,Bruce Degenhardt,67780,Seattle,Washington,United States,First Class,3923.59,3868.56,,,55.03,3923.59,UN-2016-BR7121355-42153,"Executive Desk, L-Shape (Espresso)",Tables,Furniture,FUR-TA-2816,1.0,427.335,427.34
20172,2024-06-05,Aaron Bergman,42007,Valencia,Valencian Community,Spain,Standard Class,2553.77,2936.67,0.15,440.5,57.6,2553.77,SP-2012-AA5204459-43216,"Steel File Cabinet, 3-Drawer",Storage,Office Supplies,OFF-ST-2240,5.0,393.7164,1968.58
20151,2023-10-15,Bruce Degenhardt,41148,San Francisco,California,United States,Standard Class,2662.76,2835.26,0.075,212.64,40.14,2662.76,UN-2012-BR1801102-43906,"Bookshelf, Industrial Metal/Wood",Bookcases,Furniture,FUR-BO-7995,3.0,194.0746,582.22
20243,2025-12-11,Mikko Laine,48415,Madrid,Madrid,Spain,Second Class,1520.48,1594.85,0.05,79.74,5.37,1520.48,SP-2015-MI2794698-42219,"Smartphone, 128GB (Midnight)",Phones,Technology,TEC-PH-2212,2.0,766.2636,1532.53
20050,2025-06-28,Corey Catlett,53370,Seattle,Washington,United States,Same Day,2164.13,2670.02,0.2,534.0,28.11,2164.13,UN-2015-CO2044645-43388,"Premium Sketch Paper Pad, A4 120gsm",Art,Office Supplies,OFF-AR-7366,3.0,24.9111,74.73
20157,2023-05-26,Aaron Bergman,50757,Cologne,North Rhine-Westphalia,Germany,Same Day,2135.62,2089.19,,,46.43,2135.62,GE-2016-AA8942330-44150,"Bookshelf, Industrial Metal/Wood",Bookcases,Furniture,FUR-BO-5336,1.0,264.6213,264.62
20007,2024-12-25,Aisha Khan,50121,Turku,Southwest Finland,Finland,First Class,3042.25,3025.65,,,16.6,3042.25,FI-2014-AI7730428-44386,"Archive Storage Box, Letter Size",Storage,Office Supplies,OFF-ST-4287,10.0,10.4601,104.6
20101,2025-11-12,Bruce Degenhardt,54397,Austin,Texas,United States,First Class,2590.98,3166.02,0.2,633.2,58.16,2590.98,UN-2015-BR2263313-42306,"Wireless Headset, Noise Cancelling",Accessories,Technology,TEC-AC-9061,1.0,70.2132,70.21
20240,2023-04-24,Daniel Romero,56388,Hanoi,Hanoi,Vietnam,First Class,1862.32,1841.27,,,21.05,1862.32,VI-2016-DA6443037-46311,,Phones,Technology,TEC-PH-8065,2.0,668.3798,1336.76
20163,2025-08-15,Aisha Khan,36645,Tampere,Pirkanmaa,Finland,First Class,2159.83,2273.09,0.075,170.48,57.22,2159.83,FI-2013-AI7145971-45933,"Executive Leather Chair, Black",Chairs,Furniture,FUR-CH-8234,2.0,254.3667,508.73
20167,2025-08-29,Daniel Romero,51889,Hanoi,Hanoi,Vietnam,Standard Class,4985.74,6215.1,0.2,1243.02,13.66,4985.74,VI-2012-DA5871470-44914,"Ergonomic Task Chair, Mesh Back",Chairs,Furniture,FUR-CH-2153,10.0,279.1617,2791.62
20047,2024-12-10,David Philippe,86262,Tampere,Pirkanmaa,??,Same Day,1146.34,1287.01,0.15,193.05,52.38,1146.34,FI-2016-DA8481188-42607,"Smartphone, 128GB (Midnight)",Phones,Technology,TEC-PH-8305,1.0,837.9074,837.91
20161,2025-07-21,Sofia Müller,37092,Barcelona,Catalonia,Spain,Standard Class,781.83,802.15,0.1,80.22,59.9,781.83,SP-2015-SO1710601-45776,"Standing Desk Converter, 32in",Tables,Furniture,FUR-TA-1014,1.0,305.966,305.97
20103,2025-04-20,Aaron Bergman,15101,Valencia,Valencian Community,Spain,Second Class,1455.4,1473.75,-0.1,73.69,55.34,1455.4,SP-2015-AA1419843-49198,"Bookshelf, Industrial Metal/Wood",Bookcases,Furniture,FUR-BO-3483,3.0,443.2778,7.42
20059,2023-05-25,Aaron Bergman,89927,Turku,Southwest Finland,Finland,Same Day,3067.52,3580.88,0.15,537.13,23.77,3067.52,FI-2014-AA2156902-48289,"Copy Paper, A4 (500 sheets)",Paper,Office Supplies,OFF-PA-1060,6.0,11.4913,68.95
20223,2025-03-07,Elina Virtanen,12-34,Barcelona,Catalonia,Spain,Same Day,3029.73,3004.34,0.0,0.0,25.39,3029.73,SP-2012-EL8876742-45246,"Smartphone, 128GB (Midnight)",Phones,Technology,TEC-PH-9039,5.0,561.6346,2808.17
20109,2024-04-29,Mikko Laine,38306,Seattle,Washington,United States,Second Class,2032.23,2011.98,,,20.25,2032.23,UN-2014-MI3475548-49764,"Laptop Docking Station, USB-C",Accessories,Technology,TEC-AC-2148,6.0,128.394,770.36
20143,2026-02-12,Aisha Khan,64240,Tampere,Pirkanmaa,Finland,Second Class,1102.11,1087.16,0.0,0.0,14.95,1102.11,FI-2016-AI7320310-42527,"Premium Sketch Paper Pad, A4 120gsm",Art,Office Supplies,OFF-AR-8898,1.0,15.4794,15.48
20242,2023-07-09,Sofia Müller,66973,Hanoi,Hanoi,Vietnam,Standard Class,10044.68,12544.31,0.2,2508.86,9.23,10044.68,VI-2015-SO6029008-47933,"Tablet 10in, 64GB",Accessories,Technology,TEC-AC-6880,3.0,432.2792,1296.84
20040,2024-12-03,Daniel Romero,27682,Valencia,Valencian Community,Spain,Standard Class,1112.68,1284.02,0.15,192.6,21.26,1112.68,SP-2015-DA6472441-46592,"Premium Sketch Paper Pad, A4 120gsm",Art,Office Supplies,OFF-AR-1904,1.0,11.0378,11.04
20141,2026-02-12,Daniel Romero,50338,Madrid,Madrid,Spain,Same Day,9049.31,9502.44,0.05,475.12,21.99,9049.31,SP-2016-DA7070468-40298,"Laptop Docking Station, USB-C",Accessories,Technology,TEC-AC-6571,1.0,233.0009,233.0
20044,2023-06-04,Nguyen Minh Anh,72278,Seattle,Washington,United States,First Class,3251.81,3207.3,0.0,0.0,44.51,3251.81,UN-2015-NG7953166-49431,"Smartphone, 128GB (Midnight)",Phones,Technology,TEC-PH-5750,2.0,405.971,811.94
20232,2023-08-18,David Philippe,66988,Cologne,North Rhine-Westphalia,Germany,Standard Class,1292.05,1274.41,,,17.64,1292.05,GE-2016-DA2599906-48653,"Oak Bookcase, 5-Shelf",Bookcases,Furniture,FUR-BO-7294,2.0,311.503,623.01
20062,2025-04-16,Aaron Bergman,13762,San Francisco,California,United States,Same Day,1011.64,987.12,0.0,0.0,24.52,1011.64,UN-2014-AA4050766-47988,"Premium Sketch Paper Pad, A4 120gsm",Art,Office Supplies,OFF-AR-2749,3.0,13.7031,41.11
20042,2024-05-05,Corey Catlett,46010,Barcelona,Catalonia,Spain,Standard Class,568.26,648.84,0.15,97.33,16.75,568.26,SP-2015-CO8411939-47244,Monitor 27in IPS,Accessories,Technology,TEC-AC-8175,2.0,179.184,358.37
20221,2024-05-02,Aaron Bergman,49740,San Francisco,California,United States,First Class,2323.86,2663.39,0.15,399.51,59.98,2323.86,UN-2013-AA4188068-41922,"Side Table, Oak Round 45cm",Tables,Furniture,FUR-TA-1415,10.0,47.6561,476.56
20239,2024-09-04,Daniel Romero,27367,Ho Chi Minh City,Ho Chi Minh,Vietnam,First Class,613.85,642.6,0.1,64.26,35.51,613.85,VI-2013-DA8230636-47353,"Premium Sketch Paper Pad, A4 120gsm",Art,Office Supplies,OFF-AR-2032,6.0,17.155,102.93
20245,2024-12-04,Sofia Müller,62199,San Francisco,California,United States,Standard Class,1806.41,2235.1,0.2,447.02,18.33,1806.41,UN-2014-SO9237735-49435,"Archive Storage Box, Letter Size",Storage,Office Supplies,OFF-ST-9748,5.0,21.3649,106.82
20204,2023-10-28,Bruce Degenhardt,32088,Valencia,Valencian Community,Spain,Second Class,2073.8,2043.78,0.0,0.0,30.02,2073.8,SP-2013-BR3240912-47834,"Modular Bookcase, Walnut (6-Cube)",Bookcases,Furniture,FUR-BO-1606,3.0,144.1034,432.31
20005,2023-09-24,Corey Catlett,46549,Cologne,North Rhine-Westphalia,Germany,Same Day,4636.52,4863.16,0.05,243.16,16.52,4636.52,GE-2014-CO3728882-46065,"Smartphone, 256GB (Silver)",Phones,Technology,TEC-PH-1701,4.0,538.6403,2154.56
20209,2023-06-02,Corey Catlett,55159,Seattle,Washington,United States,First Class,13684.27,14786.51,0.075,1108.99,6.75,13684.27,UN-2016-CO2010921-41130,"Smartphone, 256GB (Silver)",Phones,Technology,TEC-PH-9570,5.0,1155.0673,5775.34
20181,2025-10-20,Bruce Degenhardt,43173,Barcelona,Catalonia,Spain,First Class,2774.21,2872.84,0.05,143.64,45.01,2774.21,SP-2012-BR8229768-42194,"Laptop Docking Station, USB-C",Accessories,Technology,TEC-AC-9791,1.0,215.9788,215.98
20249,2023-05-16,Aaron Bergman,80373,Da Nang,Da Nang,Vietnam,First Class,2104.8,2064.22,0.0,0.0,40.58,2104.8,VI-2012-AA5164624-45816,"Dining Chair Set (2-Pack), Grey",Chairs,Furniture,FUR-CH-2180,1.0,207.0919,207.09
20076,2025-06-03,Bruce Degenhardt,40799,Valencia,Valencian Community,Spain,Same Day,4288.28,4234.36,,,53.92,4288.28,SP-2015-BR2349590-49798,"Archive Storage Box, Letter Size",Storage,Office Supplies,OFF-ST-1312,5.0,20.2364,101.18
20017,2024-06-15,Mikko Laine,48964,Tampere,Pirkanmaa,Finland,First Class,8880.32,8825.52,,,54.8,8880.32,FI-2012-MI1987737-43750,"Sticky Notes, 76x76mm (Pack of 12)",Paper,Office Supplies,OFF-PA-1750,2.0,15.2207,30.44
20081,2025-06-25,Aisha Khan,34701,Hamburg,Hamburg,Germany,Standard Class,2962.34,3693.12,0.2,738.62,7.84,2962.34,GE-2016-AI9363326-47242,"Standing Desk Converter, 32in",Tables,Furniture,FUR-TA-1235,1.0,295.1049,295.1
20115,2024-12-26,Corey Catlett,98401,Tampere,Pirkanmaa,Finland,Standard Class,5410.3,5837.68,0.075,437.83,10.45,5410.3,FI-2015-CO9481739-49919,Monitor 27in IPS,Accessories,Technology,TEC-AC-6035,1.0,267.7317,267.73
20178,2023-11-07,Bruce Degenhardt,68930,San Francisco,California,United States,Second Class,1112.38,1110.93,0.05,55.55,57.0,1112.38,UN-2013-BR2624230-40829,"Executive Desk, L-Shape (Espresso)",Tables,Furniture,FUR-TA-2047,1.0,329.9258,329.93
20184,2025-12-20,Aisha Khan,15939,San Francisco,California,United States,First Class,1774.13,1937.78,0.1,193.78,30.13,1774.13,UN-2013-AI6587495-47761,"Sticky Notes, 76x76mm (Pack of 12)",Paper,Office Supplies,OFF-PA-4613,1.0,16.8713,16.87
20112,2025-03-12,Elina Virtanen,87812,Ho Chi Minh City,Ho Chi Minh,Vietnam,First Class,878.12,967.48,0.1,96.75,7.39,878.12,VI-2015-EL9453010-43629,Gel Pen Set (12 colors),Art,Office Supplies,OFF-AR-6527,4.0,8.5393,34.16
20024,2024-12-03,Aisha Khan,16687,Berlin,Berlin,Germany,Same Day,2569.68,2511.84,,,57.84,2569.68,GE-2016-AI9910817-42579,"USB-C Charger 65W, GaN",Accessories,Technology,TEC-AC-9943,1.0,32.6874,32.69
20121,2023-04-24,Mikko Laine,55154,Tampere,Pirkanmaa,Finland,First Class,4228.67,4425.64,0.05,221.28,24.31,4228.67,FI-2013-MI5584716-45062,"Smartphone, 256GB (Silver)",Phones,Technology,TEC-PH-4493,1.0,894.8139,894.81
20206,2023-10-17,Aisha Khan,43891,Madrid,Madrid,Spain,Second Class,129.17,81.23,0.05,4.06,52.0,129.17,SP-2016-AI3514105-42695,"A4 Lever-Arch Binder, 5cm Spine (Blue)",Binders,Office Supplies,OFF-BI-2035,1.0,4.7389,4.74
20214,2023-06-09,Nguyen Minh Anh,15798,Da Nang,Da Nang,Vietnam,Same Day,4194.43,4147.94,0.0,0.0,46.49,4194.43,VI-2015-NG4931560-48843,"Smartphone, 128GB (Midnight)",Phones,Technology,TEC-PH-7801,1.0,717.7775,717.78
20133,2025-12-07,David Philippe,84004,Cologne,North Rhine-Westphalia,Germany,Same Day,471.69,442.5,0.0,0.0,29.19,471.69,GE-2016-DA6422534-45179,"Stapler, Heavy Duty",Fasteners,Office Supplies,OFF-FA-3703,5.0,15.5021,77.51
20052,2024-05-26,David Philippe,38760,Da Nang,Da Nang,Vietnam,Standard Class,414.06,422.24,0.075,31.67,23.49,414.06,VI-2015-DA9147720-40475,"Copy Paper, A4 (500 sheets)",Paper,Office Supplies,OFF-PA-1666,1.0,4.1996,4.2
20200,2024-03-17,Aisha Khan,30093,Valencia,Valencian Community,Spain,Standard Class,871.64,910.61,0.1,91.06,52.09,871.64,SP-2016-AI4240708-42875,"Laptop Docking Station, USB-C",Accessories,Technology,TEC-AC-7162,1.0,92.6572,92.66
20116,1999-08-23,David Philippe,40064,Cologne,North Rhine-Westphalia,Germany,Same Day,3121.56,3325.87,0.075,249.44,45.13,3121.56,GE-2014-DA8608449-46532,"Archive Storage Box, Letter Size",Storage,Office Supplies,OFF-ST-2322,1.0,3.1373,3.14
20087,2025-04-12,David Philippe,62276,Tampere,Pirkanmaa,Finland,Second Class,4879.63,6039.98,0.2,1208.0,47.65,4879.63,FI-2013-DA7425184-43826,"Tablet 10in, 64GB",Accessories,Technology,TEC-AC-2460,10.0,508.1586,5081.59
20079,2024-12-18,Daniel Romero,31079,Ho Chi Minh City,Ho Chi Minh,Vietnam,Standard Class,3584.35,4149.83,0.15,622.47,56.99,3584.35,VI-2015-DA9312590-44722,Gel Pen Set (12 colors),Art,Office Supplies,OFF-AR-8798,1.0,6.8862,6.89
20089,2025-08-19,Daniel Romero,42469,Madrid,Madrid,Spain,Same Day,2894.28,3566.59,0.2,713.32,41.01,2894.28,SP-2012-DA3418526-46717,"Wireless Headset, Noise Cancelling",Accessories,Technology,TEC-AC-5439,6.0,134.588,807.53
20036,2024-11-16,Nguyen Minh Anh,39219,Ho Chi Minh City,Ho Chi Minh,Vietnam,First Class,2929.96,3028.86,0.05,151.44,52.54,2929.96,VI-2013-NG7685149-45378,"Dining Chair Set (2-Pack), Grey",Chairs,Furniture,FUR-CH-3859,10.0,198.3347,1983.35
20186,2025-11-29,Mikko Laine,59394,Tampere,Pirkanmaa,Finland,Same Day,4593.28,5390.88,0.15,808.63,11.03,4593.28,FI-2012-MI7180018-45427,"Sticky Notes, 76x76mm (Pack of 12)",Paper,Office Supplies,OFF-PA-3949,5.0,13.7928,68.96
20029,2026-02-17,Aisha Khan,51770,Valencia,Valencian Community,Spain,Standard Class,4569.47,4515.54,,,53.93,4569.47,SP-2012-AI3253031-44333,"Ergonomic Task Chair, Mesh Back",Chairs,Furniture,FUR-CH-5934,3.0,198.8843,596.65
20021,2024-09-22,David Philippe,42742,Hanoi,Hanoi,Vietnam,First Class,5723.31,6662.77,0.15,999.42,59.96,5723.31,VI-2015-DA2642635-40828,"Stapler, Heavy Duty",Fasteners,Office Supplies,OFF-FA-4860,2.0,10.5828,21.17
20106,2024-01-12,Corey Catlett,33078,Helsinki,Uusimaa,Finland,Same Day,4177.08,4134.11,,,42.97,4177.08,FI-2016-CO7847048-44583,"Desk Organizer Tray, Bamboo",Storage,Office Supplies,OFF-ST-2567,10.0,19.5808,195.81
20075,2023-07-26,Aisha Khan,18874,Madrid,Madrid,Spain,Standard Class,4518.71,4487.93,,,30.78,4518.71,SP-2016-AI5842082-47195,"Smartphone, 128GB (Midnight)",Phones,Technology,TEC-PH-9842,6.0,431.5657,2589.39
20026,2025-07-07,Mikko Laine,84200,Berlin,Berlin,Germany,Standard Class,3703.34,3683.73,0.0,0.0,19.61,3703.34,GE-2014-MI4426900-45147,"Smartphone, 128GB (Midnight)",Phones,Technology,TEC-PH-4409,2.0,331.8414,663.68
20123,2025-03-28,Bruce Degenhardt,29259,Madrid,Madrid,Spain,First Class,4288.08,5311.38,0.2,1062.28,38.98,4288.08,SP-2012-BR3610197-42579,"Executive Leather Chair, Black",Chairs,Furniture,FUR-CH-3444,5.0,538.2107,2691.05
20006,2023-07-26,Mikko Laine,49614,Valencia,Valencian Community,Spain,Second Class,823.49,862.29,0.075,64.67,25.87,823.49,SP-2016-MI5107245-42677,"Executive Desk, L-Shape (Espresso)",Tables,Furniture,FUR-TA-1706,1.0,701.4026,701.4
20088,2025-10-25,Corey Catlett,60719,Munich,Bavaria,??,Second Class,2687.28,2921.32,0.1,292.13,58.09,2687.28,GE-2015-CO1621086-42068,"Storage Ottoman, Fabric",Furnishings,Furniture,FUR-FU-4433,4.0,75.1934,300.77
20038,2023-10-10,Mikko Laine,36480,Madrid,Madrid,Spain,Standard Class,3218.92,3563.96,0.1,356.4,11.36,3218.92,SP-2014-MI8321474-49932,"Sticky Notes, 76x76mm (Pack of 12)",Paper,Office Supplies,OFF-PA-8424,1.0,5.6707,5.67
20128,2025-05-23,Aisha Khan,36589,Madrid,Madrid,Spain,First Class,705.7,752.32,0.1,75.23,28.61,705.7,SP-2015-AI2306317-45129,"Oak Bookcase, 5-Shelf",Bookcases,Furniture,FUR-BO-9804,1.0,249.5401,249.54
20229,2024-10-09,Aisha Khan,40914,Valencia,Valencian Community,Spain,Same Day,4260.34,4719.06,0.1,471.91,13.19,4260.34,SP-2013-AI2795437-41578,"Modular Bookcase, Walnut (6-Cube)",Bookcases,Furniture,FUR-BO-8947,6.0,169.908,1019.45
20150,2025-10-24,Sofia Müller,71602,Munich,Bavaria,Germany,Same Day,5485.21,5466.13,,,19.08,5485.21,GE-2016-SO1088100-41298,Monitor 27in IPS,Accessories,Technology,TEC-AC-4855,5.0,305.9579,1529.79
20246,2025-05-14,Aaron Bergman,24927,Ho Chi Minh City,Ho Chi Minh,Vietnam,Second Class,2344.6,2287.18,,,57.42,2344.6,VI-2016-AA4018677-49012,"A4 Lever-Arch Binder, 5cm Spine (Blue)",Binders,Office Supplies,OFF-BI-7865,2.0,9.4709,18.94
20197,2026-03-01,Aisha Khan,33061,Cologne,North Rhine-Westphalia,Germany,Same Day,1217.87,1482.03,0.2,296.41,32.25,1217.87,GE-2013-AI1609681-46504,Monitor 27in IPS,Accessories,Technology,TEC-AC-6336,2.0,358.1131,716.23
20118,2025-04-03,Sofia Müller,82924,Hanoi,Hanoi,Vietnam,First Class,5378.29,5787.93,0.075,434.09,24.45,5378.29,VI-2016-SO6530541-42002,"A4 Lever-Arch Binder, 5cm Spine (Blue)",Binders,Office Supplies,OFF-BI-4731,1.0,4.3712,4.37
20100,2025-06-29,Sofia Müller,21160,Valencia,Valencian Community,Spain,Second Class,218.88,181.82,0.1,18.18,-12.34,218.88,SP-2016-SO7138070-48697,Gel Pen Set (12 colors),Art,Office Supplies,OFF-AR-4276,4.0,16.4791,65.92
20095,2024-10-11,Elina Virtanen,30821,Hamburg,Hamburg,Germany,First Class,9466.41,9922.39,0.05,496.12,40.14,9466.41,GE-2015-EL6797629-49626,"Ergonomic Task Chair, Mesh Back",Chairs,Furniture,FUR-CH-8716,10.0,215.946,2159.46
20114,2023-08-14,Aaron Bergman,89730,Hanoi,Hanoi,Vietnam,Second Class,605.09,628.08,0.1,62.81,39.82,605.09,VI-2012-AA3117143-44505,Monitor 27in IPS,Accessories,Technology,TEC-AC-8141,1.0,200.5262,200.53
20235,2025-04-26,Sofia Müller,30379,Helsinki,Uusimaa,Finland,Standard Class,942.78,891.65,0.0,0.0,51.13,942.78,FI-2012-SO2638895-47161,"Sticky Notes, 76x76mm (Pack of 12)",Paper,Office Supplies,OFF-PA-8454,1.0,10.1973,10.2
20147,2023-09-28,Elina Virtanen,16171,Valencia,Valencian Community,Spain,Standard Class,975.26,995.1,0.075,74.63,54.79,975.26,SP-2012-EL3689594-44469,"Standing Desk Converter, 32in",Tables,Furniture,FUR-TA-8499,2.0,294.8872,589.77
20176,2025-09-15,Daniel Romero,17852,Ho Chi Minh City,Ho Chi Minh,Vietnam,Second Class,964.75,1025.44,-0.1,76.91,16.22,964.75,VI-2015-DA7972975-47933,"Bookshelf, Industrial Metal/Wood",Bookcases,Furniture,FUR-BO-4313,3.0,143.9765,431.93
20148,2023-09-05,Nguyen Minh Anh,69131,San Francisco,California,United States,Standard Class,1057.36,1107.84,0.075,83.09,32.61,1057.36,UN-2012-NG7960815-40872,"Wireless Mouse, Ergonomic",Accessories,Technology,TEC-AC-1977,2.0,21.2821,42.56
20142,2025-11-21,Nguyen Minh Anh,39694,Austin,Texas,United States,Second Class,3761.01,4640.83,1.2,928.17,48.35,3761.01,UN-2013-NG2294615-44846,"Laptop Docking Station, USB-C",Accessories,Technology,TEC-AC-8627,5.0,161.0981,805.49
20132,2023-12-29,Nguyen Minh Anh,14738,Barcelona,Catalonia,Spain,Second Class,2506.49,2770.09,0.1,277.01,13.41,2506.49,SP-2014-NG4309671-42842,"Smartphone, 128GB (Midnight)",Phones,Furniture,TEC-PH-6629,2.0,831.8454,1663.69
20191,2025-11-17,Nguyen Minh Anh,24156,Valencia,Valencian Community,Spain,Standard Class,1798.3,1843.04,0.05,92.15,47.41,1798.3,SP-2016-NG6007984-43684,"Sticky Notes, 76x76mm (Pack of 12)",Paper,Office Supplies,OFF-PA-3568,10.0,18.4892,184.89
20130,2025-03-12,Daniel Romero,67240,Da Nang,Da Nang,Vietnam,First Class,1559.05,1648.9,0.075,123.67,33.82,1559.05,VI-2013-DA8309439-49648,"Copy Paper, A4 (500 sheets)",Paper,Office Supplies,OFF-PA-4763,1.0,7.9404,7.94
20056,2024-07-20,Nguyen Minh Anh,12786,Berlin,Berlin,Germany,Second Class,3640.0,4269.07,0.15,640.36,11.29,3640.0,GE-2013-NG3117636-47758,"Desk Organizer Tray, Bamboo",Storage,Office Supplies,OFF-ST-9015,2.0,26.9306,53.86
20066,2024-06-16,Daniel Romero,20622,Barcelona,Catalonia,Spain,Standard Class,10172.99,10156.09,0.0,0.0,16.9,10172.99,SP-2012-DA9990305-43033,"Laptop 14in, 16GB RAM",Computers,Technology,TEC-CO-8581,2.0,663.7787,1327.56
20025,2023-07-20,Mikko Laine,19022,Cologne,North Rhine-Westphalia,Germany,Second Class,6572.39,6535.55,0.0,0.0,36.84,6572.39,GE-2015-MI3011363-49333,Gel Pen Set (12 colors),Art,Office Supplies,OFF-AR-5041,2.0,8.5821,17.16
20002,2023-03-15,Sofia Müller,75492,Helsinki,Uusimaa,Finland,Standard Class,1778.27,2193.45,0.2,438.69,23.51,1778.27,FI-2014-SO3608513-43527,"Copy Paper, A4 (500 sheets)",Paper,Office Supplies,OFF-PA-4643,10.0,14.355,143.55
20027,2025-09-23,Aaron Bergman,19509,Austin,Texas,United States,First Class,2406.13,2654.9,0.1,265.49,16.72,2406.13,UN-2015-AA2677407-41200,"Tablet 10in, 64GB",Accessories,Technology,TEC-AC-1083,4.0,542.6681,2170.67
20110,2024-07-27,Sofia Müller,24409,New York,New York,United States,First Class,2528.84,3100.6,0.2,620.12,48.36,2528.84,UN-2013-SO1249314-45869,"Oak Bookcase, 5-Shelf",Bookcases,Furniture,FUR-BO-8711,6.0,194.793,1168.76
20203,2025-03-07,Nguyen Minh Anh,18257,Munich,Bavaria,Germany,First Class,282.02,258.69,0.075,19.4,42.73,282.02,GE-2015-NG6147356-42616,"Desk Organizer Tray, Bamboo",Storage,Office Supplies,OFF-ST-7460,5.0,33.9109,169.55
20084,2024-10-19,Elina Virtanen,45839,San Francisco,California,??,Same Day,1044.26,1090.75,0.075,81.81,35.32,1044.26,UN-2015-EL8922533-43993,"Wireless Mouse, Ergonomic",Accessories,Technology,TEC-AC-2605,5.0,45.6794,228.4
20192,2024-12-10,David Philippe,55719,San Francisco,California,United States,Standard Class,5224.56,6105.51,0.15,915.83,34.88,5224.56,UN-2014-DA3044708-49395,"Ergonomic Task Chair, Mesh Back",Chairs,Furniture,FUR-CH-1203,4.0,336.9828,1347.93
20102,2025-03-20,Daniel Romero,61717,Da Nang,Da Nang,Vietnam,First Class,6690.14,6998.03,0.05,349.9,42.01,6690.14,VI-2014-DA3073474-47451,"Standing Desk Converter, 32in",Tables,Furniture,FUR-TA-6872,2.0,161.2812,35.41
20247,2024-05-04,David Philippe,48185,Da Nang,Da Nang,Vietnam,First Class,1895.3,2204.28,0.15,330.64,21.66,1895.3,VI-2015-DA9376917-42280,"Ergonomic Task Chair, Mesh Back",Chairs,Furniture,FUR-CH-1260,5.0,263.9493,1319.75
20173,2024-11-11,Mikko Laine,42963,Madrid,Madrid,Spain,First Class,10827.75,12015.86,0.1,1201.59,13.48,10827.75,SP-2016-MI3829240-49696,"Executive Desk, L-Shape (Espresso)",Tables,Furniture,FUR-TA-8524,10.0,773.1007,7731.01
20165,2023-10-20,Aisha Khan,20193,Madrid,Madrid,Spain,Same Day,3123.36,3103.96,,,19.4,3123.36,SP-2016-AI7492570-49202,"Modular Bookcase, Walnut (6-Cube)",Bookcases,Furniture,FUR-BO-8452,5.0,451.8891,2259.45
20144,2026-03-05,Aisha Khan,73952,Turku,Southwest Finland,Finland,Standard Class,1851.07,2256.13,0.2,451.23,46.17,1851.07,FI-2013-AI8452417-44668,"Laptop Docking Station, USB-C",Accessories,Technology,TEC-AC-7641,1.0,224.276,224.28
20011,2024-07-28,Elina Virtanen,11504,Da Nang,Da Nang,Vietnam,First Class,8961.84,8940.7,,,21.14,8961.84,VI-2016-EL5476583-45573,"Binder Clips, Medium (Box of 100)",Fasteners,Office Supplies,OFF-FA-8607,1.0,7.0227,7.02
